{
    "root_group": {
        "id": "d41d8cd98f00b204e9800998ecf8427e",
        "groups": {},
        "checks": {},
        "name": "",
        "path": ""
    },
    "metrics": {
        "http_req_receiving": {
            "p(90)": 0.138,
            "p(95)": 0.216,
            "avg": 0.08460271552124911,
            "min": 0.011,
            "med": 0.055,
            "max": 74.953
        },
        "http_req_waiting": {
            "p(95)": 43.522999999999996,
            "avg": 27.68417901980838,
            "min": 15.347,
            "med": 24.519,
            "max": 133.183,
            "p(90)": 36.7924
        },
        "data_sent": {
            "count": 1774164,
            "rate": 59107.236735583196
        },
        "http_req_duration{expected_response:true}": {
            "p(95)": 43.6506,
            "avg": 27.784541244303835,
            "min": 15.463,
            "med": 24.611,
            "max": 133.266,
            "p(90)": 36.89540000000001
        },
        "http_reqs": {
            "count": 10753,
            "rate": 358.24203208819824
        },
        "http_req_blocked": {
            "avg": 0.003553519947921602,
            "min": 0,
            "med": 0.002,
            "max": 1.383,
            "p(90)": 0.004,
            "p(95)": 0.004
        },
        "http_req_tls_handshaking": {
            "avg": 0,
            "min": 0,
            "med": 0,
            "max": 0,
            "p(90)": 0,
            "p(95)": 0
        },
        "iterations": {
            "count": 10753,
            "rate": 358.24203208819824
        },
        "http_req_sending": {
            "med": 0.014,
            "max": 0.559,
            "p(90)": 0.022,
            "p(95)": 0.025,
            "avg": 0.015759508974239507,
            "min": 0.003
        },
        "http_req_duration": {
            "p(90)": 36.89540000000001,
            "p(95)": 43.6506,
            "avg": 27.784541244303835,
            "min": 15.463,
            "med": 24.611,
            "max": 133.266
        },
        "http_req_failed": {
            "fails": 10753,
            "passes": 0,
            "value": 0
        },
        "data_received": {
            "count": 3064524,
            "rate": 102096.28058616698
        },
        "vus_max": {
            "value": 10,
            "min": 10,
            "max": 10
        },
        "http_req_connecting": {
            "avg": 0.0004952106388914721,
            "min": 0,
            "med": 0,
            "max": 0.6,
            "p(90)": 0,
            "p(95)": 0
        },
        "iteration_duration": {
            "max": 133.380167,
            "p(90)": 36.99710880000001,
            "p(95)": 43.7436912,
            "avg": 27.896168900771873,
            "min": 15.648334,
            "med": 24.708458
        },
        "vus": {
            "value": 10,
            "min": 10,
            "max": 10
        }
    }
}