{
    "metrics": {
        "http_req_tls_handshaking": {
            "p(90)": 0,
            "p(95)": 0,
            "avg": 0,
            "min": 0,
            "med": 0,
            "max": 0
        },
        "http_req_blocked": {
            "max": 5.382,
            "p(90)": 0.004,
            "p(95)": 0.005,
            "avg": 0.03914158743281992,
            "min": 0,
            "med": 0.002
        },
        "vus_max": {
            "min": 100,
            "max": 100,
            "value": 100
        },
        "vus": {
            "value": 100,
            "min": 100,
            "max": 100
        },
        "http_req_failed": {
            "passes": 0,
            "fails": 9676,
            "value": 0
        },
        "iterations": {
            "count": 9676,
            "rate": 321.159893050702
        },
        "http_req_receiving": {
            "avg": 0.1877326374534925,
            "min": 0.011,
            "med": 0.056,
            "max": 36.114,
            "p(90)": 0.3075000000000002,
            "p(95)": 0.5812499999999995
        },
        "data_sent": {
            "count": 1615811,
            "rate": 53631.01363684868
        },
        "iteration_duration": {
            "min": 134.467958,
            "med": 307.737125,
            "max": 505.002333,
            "p(90)": 358.1081255,
            "p(95)": 373.9215105,
            "avg": 310.73384501271073
        },
        "data_received": {
            "count": 2776931,
            "rate": 92170.20080293292
        },
        "http_req_duration": {
            "p(95)": 373.832,
            "avg": 310.58795649028406,
            "min": 134.326,
            "med": 307.6255,
            "max": 502.464,
            "p(90)": 358.0335
        },
        "http_req_duration{expected_response:true}": {
            "avg": 310.58795649028406,
            "min": 134.326,
            "med": 307.6255,
            "max": 502.464,
            "p(90)": 358.0335,
            "p(95)": 373.832
        },
        "http_req_connecting": {
            "avg": 0.02458112856552294,
            "min": 0,
            "med": 0,
            "max": 2.769,
            "p(90)": 0,
            "p(95)": 0
        },
        "http_reqs": {
            "count": 9676,
            "rate": 321.159893050702
        },
        "http_req_sending": {
            "p(90)": 0.024,
            "p(95)": 0.028,
            "avg": 0.015475299710624151,
            "min": 0.002,
            "med": 0.012,
            "max": 7.167
        },
        "http_req_waiting": {
            "med": 307.3805,
            "max": 502.436,
            "p(90)": 357.7615,
            "p(95)": 373.77225,
            "avg": 310.3847485531199,
            "min": 134.224
        }
    },
    "root_group": {
        "groups": {},
        "checks": {},
        "name": "",
        "path": "",
        "id": "d41d8cd98f00b204e9800998ecf8427e"
    }
}