{
    "root_group": {
        "id": "d41d8cd98f00b204e9800998ecf8427e",
        "groups": {},
        "checks": {},
        "name": "",
        "path": ""
    },
    "metrics": {
        "http_req_duration{expected_response:true}": {
            "p(90)": 2036.8175999999999,
            "p(95)": 2081.58525,
            "avg": 1269.5940172035112,
            "min": 34.537,
            "med": 1051.0055,
            "max": 3115.9
        },
        "vus": {
            "value": 2,
            "min": 1,
            "max": 100
        },
        "data_received": {
            "count": 1671950,
            "rate": 11633.453809514114
        },
        "http_req_connecting": {
            "p(90)": 0,
            "p(95)": 0,
            "avg": 0.010488469985358713,
            "min": 0,
            "med": 0,
            "max": 1.111
        },
        "http_req_duration": {
            "min": 34.537,
            "med": 1051.0055,
            "max": 3115.9,
            "p(90)": 2036.8175999999999,
            "p(95)": 2081.58525,
            "avg": 1269.5940172035112
        },
        "http_req_waiting": {
            "med": 1050.8355000000001,
            "max": 3115.797,
            "p(90)": 2036.7283,
            "p(95)": 2081.46505,
            "avg": 1269.4286112737932,
            "min": 34.396
        },
        "http_req_receiving": {
            "p(90)": 0.27970000000000017,
            "p(95)": 0.6508499999999998,
            "avg": 0.1463685944363094,
            "min": 0.01,
            "med": 0.063,
            "max": 5.385
        },
        "iterations": {
            "count": 1366,
            "rate": 9.504649004932133
        },
        "vus_max": {
            "value": 100,
            "min": 100,
            "max": 100
        },
        "http_req_tls_handshaking": {
            "p(95)": 0,
            "avg": 0,
            "min": 0,
            "med": 0,
            "max": 0,
            "p(90)": 0
        },
        "iteration_duration": {
            "avg": 5078.986629784773,
            "min": 1548.324708,
            "med": 5079.3871875,
            "max": 7164.208042,
            "p(90)": 6070.534667,
            "p(95)": 6142.2939692499995
        },
        "http_req_failed": {
            "passes": 0,
            "fails": 5464,
            "value": 0
        },
        "data_sent": {
            "count": 904269,
            "rate": 6291.917606911402
        },
        "http_req_blocked": {
            "max": 1.247,
            "p(90)": 0.005,
            "p(95)": 0.009,
            "avg": 0.01598773792093696,
            "min": 0,
            "med": 0.002
        },
        "http_reqs": {
            "rate": 38.018596019728534,
            "count": 5464
        },
        "http_req_sending": {
            "p(90)": 0.032,
            "p(95)": 0.051,
            "avg": 0.019037335285505587,
            "min": 0.002,
            "med": 0.013,
            "max": 0.502
        }
    }
}