{
    "root_group": {
        "checks": {},
        "name": "",
        "path": "",
        "id": "d41d8cd98f00b204e9800998ecf8427e",
        "groups": {}
    },
    "metrics": {
        "vus": {
            "value": 100,
            "min": 100,
            "max": 100
        },
        "vus_max": {
            "value": 100,
            "min": 100,
            "max": 100
        },
        "http_req_tls_handshaking": {
            "avg": 0,
            "min": 0,
            "med": 0,
            "max": 0,
            "p(90)": 0,
            "p(95)": 0
        },
        "data_received": {
            "count": 4020456,
            "rate": 133876.67780147883
        },
        "http_req_blocked": {
            "avg": 0.014559200249912276,
            "min": 0,
            "med": 0.001,
            "max": 4.006,
            "p(90)": 0.003,
            "p(95)": 0.004
        },
        "http_reqs": {
            "count": 25608,
            "rate": 852.7176930030498
        },
        "http_req_connecting": {
            "max": 2.806,
            "p(90)": 0,
            "p(95)": 0,
            "avg": 0.009079115901280852,
            "min": 0,
            "med": 0
        },
        "iterations": {
            "count": 25608,
            "rate": 852.7176930030498
        },
        "http_req_duration": {
            "min": 25.794,
            "med": 78.35249999999999,
            "max": 1495.362,
            "p(90)": 247.5723,
            "p(95)": 279.61269999999996,
            "avg": 117.09383134176866
        },
        "http_req_waiting": {
            "avg": 117.04733727741332,
            "min": 25.722,
            "med": 78.313,
            "max": 1495.276,
            "p(90)": 247.49840000000003,
            "p(95)": 279.56739999999996
        },
        "http_req_failed": {
            "passes": 0,
            "fails": 25608,
            "value": 0
        },
        "http_req_duration{expected_response:true}": {
            "max": 1495.362,
            "p(90)": 247.5723,
            "p(95)": 279.61269999999996,
            "avg": 117.09383134176866,
            "min": 25.794,
            "med": 78.35249999999999
        },
        "iteration_duration": {
            "avg": 117.20744132970219,
            "min": 27.000875,
            "med": 78.44425,
            "max": 1499.395208,
            "p(90)": 247.70275429999998,
            "p(95)": 279.6857545
        },
        "data_sent": {
            "count": 2407152,
            "rate": 80155.46314228668
        },
        "http_req_sending": {
            "med": 0.006,
            "max": 4.726,
            "p(90)": 0.013,
            "p(95)": 0.022,
            "avg": 0.010597430490469857,
            "min": 0.001
        },
        "http_req_receiving": {
            "min": 0.004,
            "med": 0.021,
            "max": 5.528,
            "p(90)": 0.055,
            "p(95)": 0.09,
            "avg": 0.0358966338644169
        }
    }
}