{
    "root_group": {
        "name": "",
        "path": "",
        "id": "d41d8cd98f00b204e9800998ecf8427e",
        "groups": {},
        "checks": {}
    },
    "metrics": {
        "http_reqs": {
            "count": 13147,
            "rate": 437.8084402420784
        },
        "http_req_duration{expected_response:true}": {
            "min": 4.887,
            "med": 18.504,
            "max": 125.009,
            "p(90)": 39.5996,
            "p(95)": 50.51979999999997,
            "avg": 22.649296569559606
        },
        "http_req_blocked": {
            "p(90)": 0.006,
            "p(95)": 0.008,
            "avg": 0.005550848102228725,
            "min": 0,
            "med": 0.003,
            "max": 1.598
        },
        "http_req_sending": {
            "avg": 0.01795268882634751,
            "min": 0.001,
            "med": 0.013,
            "max": 3.208,
            "p(90)": 0.027,
            "p(95)": 0.035
        },
        "data_sent": {
            "count": 1235818,
            "rate": 41153.99338275537
        },
        "http_req_waiting": {
            "p(95)": 50.381399999999985,
            "avg": 22.5638407241197,
            "min": 4.849,
            "med": 18.411,
            "max": 124.979,
            "p(90)": 39.4968
        },
        "iteration_duration": {
            "min": 4.95375,
            "med": 18.656375,
            "max": 125.044417,
            "p(90)": 39.7555836,
            "p(95)": 50.672567,
            "avg": 22.81089782330566
        },
        "iterations": {
            "count": 13147,
            "rate": 437.8084402420784
        },
        "http_req_duration": {
            "max": 125.009,
            "p(90)": 39.5996,
            "p(95)": 50.51979999999997,
            "avg": 22.649296569559606,
            "min": 4.887,
            "med": 18.504
        },
        "http_req_failed": {
            "fails": 13147,
            "passes": 0,
            "value": 0
        },
        "http_req_tls_handshaking": {
            "avg": 0,
            "min": 0,
            "med": 0,
            "max": 0,
            "p(90)": 0,
            "p(95)": 0
        },
        "data_received": {
            "count": 2064079,
            "rate": 68735.9251180063
        },
        "vus_max": {
            "min": 10,
            "max": 10,
            "value": 10
        },
        "vus": {
            "value": 10,
            "min": 10,
            "max": 10
        },
        "http_req_connecting": {
            "max": 0.547,
            "p(90)": 0,
            "p(95)": 0,
            "avg": 0.00037521868106792425,
            "min": 0,
            "med": 0
        },
        "http_req_receiving": {
            "min": 0.006,
            "med": 0.05,
            "max": 2.8,
            "p(90)": 0.112,
            "p(95)": 0.153,
            "avg": 0.06750315661367592
        }
    }
}