{
    "root_group": {
        "name": "",
        "path": "",
        "id": "d41d8cd98f00b204e9800998ecf8427e",
        "groups": {},
        "checks": {}
    },
    "metrics": {
        "data_sent": {
            "count": 10668938,
            "rate": 66416.67399013994
        },
        "http_req_connecting": {
            "p(95)": 0.298,
            "avg": 64.11458354428456,
            "min": 0,
            "med": 0.117,
            "max": 19807.445,
            "p(90)": 0.201
        },
        "iterations": {
            "count": 13070,
            "rate": 81.36385543257717
        },
        "http_req_waiting": {
            "avg": 5.362593777327801,
            "min": 0,
            "med": 3.444,
            "max": 273.484,
            "p(90)": 12.436,
            "p(95)": 14.605
        },
        "http_req_failed": {
            "passes": 130,
            "fails": 65051,
            "value": 0.0019944462343320906
        },
        "data_received": {
            "count": 15073961,
            "rate": 93838.98879879926
        },
        "iteration_duration": {
            "avg": 604.9397652667938,
            "min": 8.008792,
            "med": 17.288958,
            "max": 52799.396625,
            "p(90)": 65.5411584,
            "p(95)": 83.09976044999998
        },
        "http_reqs": {
            "count": 65181,
            "rate": 405.76721200847834
        },
        "vus": {
            "value": 2,
            "min": 1,
            "max": 100
        },
        "http_req_receiving": {
            "p(90)": 0.073,
            "p(95)": 0.099,
            "avg": 0.04467800432641239,
            "min": 0,
            "med": 0.033,
            "max": 58.287
        },
        "vus_max": {
            "value": 100,
            "min": 100,
            "max": 100
        },
        "http_req_tls_handshaking": {
            "p(90)": 0,
            "p(95)": 0,
            "avg": 0,
            "min": 0,
            "med": 0,
            "max": 0
        },
        "http_req_duration{expected_response:true}": {
            "min": 0.288,
            "med": 3.516,
            "max": 273.681,
            "p(90)": 12.515,
            "p(95)": 14.667,
            "avg": 5.440810425665982
        },
        "http_req_blocked": {
            "p(95)": 0.347,
            "avg": 64.1414295270092,
            "min": 0,
            "med": 0.141,
            "max": 19807.521,
            "p(90)": 0.238
        },
        "http_req_duration": {
            "avg": 5.429959021800799,
            "min": 0,
            "med": 3.509,
            "max": 273.681,
            "p(90)": 12.507,
            "p(95)": 14.661
        },
        "http_req_sending": {
            "med": 0.017,
            "max": 8.43,
            "p(90)": 0.036,
            "p(95)": 0.051,
            "avg": 0.02268724014666883,
            "min": 0
        }
    }
}