{
    "metrics": {
        "http_req_duration": {
            "p(95)": 258.7417,
            "avg": 164.99361174689682,
            "min": 0.421,
            "med": 166.358,
            "max": 348.5,
            "p(90)": 241.4144
        },
        "iterations": {
            "count": 3303,
            "rate": 81.61311395985273
        },
        "http_req_receiving": {
            "avg": 0.12323941871026318,
            "min": 0.009,
            "med": 0.065,
            "max": 8.193,
            "p(90)": 0.216,
            "p(95)": 0.396
        },
        "http_req_waiting": {
            "max": 348.233,
            "p(90)": 241.19940000000003,
            "p(95)": 258.3095,
            "avg": 164.83272521949655,
            "min": 0.308,
            "med": 166.181
        },
        "http_req_failed": {
            "passes": 0,
            "fails": 16515,
            "value": 0
        },
        "http_req_duration{expected_response:true}": {
            "min": 0.421,
            "med": 166.358,
            "max": 348.5,
            "p(90)": 241.4144,
            "p(95)": 258.7417,
            "avg": 164.99361174689682
        },
        "http_req_sending": {
            "min": 0.004,
            "med": 0.027,
            "max": 7.525,
            "p(90)": 0.056,
            "p(95)": 0.077,
            "avg": 0.037647108689069876
        },
        "http_req_blocked": {
            "avg": 51.28597862549199,
            "min": 0.073,
            "med": 0.386,
            "max": 13109.968,
            "p(90)": 0.74,
            "p(95)": 1.039
        },
        "data_sent": {
            "rate": 70103.86115027247,
            "count": 2837204
        },
        "http_reqs": {
            "count": 16515,
            "rate": 408.0655697992636
        },
        "http_req_tls_handshaking": {
            "med": 0,
            "max": 0,
            "p(90)": 0,
            "p(95)": 0,
            "avg": 0,
            "min": 0
        },
        "data_received": {
            "count": 4003163,
            "rate": 98913.29037810049
        },
        "http_req_connecting": {
            "avg": 51.22390596427493,
            "min": 0.067,
            "med": 0.334,
            "max": 13109.895,
            "p(90)": 0.6406000000000004,
            "p(95)": 0.8952999999999993
        },
        "vus_max": {
            "value": 100,
            "min": 100,
            "max": 100
        },
        "iteration_duration": {
            "p(90)": 929.3409171999999,
            "p(95)": 946.3858542,
            "avg": 1082.0337629364217,
            "min": 535.541625,
            "med": 847.977958,
            "max": 13761.470125
        },
        "vus": {
            "max": 100,
            "value": 17,
            "min": 17
        }
    },
    "root_group": {
        "path": "",
        "id": "d41d8cd98f00b204e9800998ecf8427e",
        "groups": {},
        "checks": {},
        "name": ""
    }
}