{
    "root_group": {
        "name": "",
        "path": "",
        "id": "d41d8cd98f00b204e9800998ecf8427e",
        "groups": {},
        "checks": {}
    },
    "metrics": {
        "http_reqs": {
            "count": 16235,
            "rate": 478.9945899132148
        },
        "http_req_receiving": {
            "max": 7.167,
            "p(90)": 0.179,
            "p(95)": 0.31,
            "avg": 0.10632583923621784,
            "min": 0.01,
            "med": 0.066
        },
        "http_req_duration{expected_response:true}": {
            "min": 0.948,
            "med": 15.945,
            "max": 99.021,
            "p(90)": 23.2892,
            "p(95)": 25.746899999999997,
            "avg": 16.15383837388352
        },
        "http_req_blocked": {
            "avg": 4.439490237141978,
            "min": 0.097,
            "med": 0.382,
            "max": 6709.042,
            "p(90)": 0.657,
            "p(95)": 0.843
        },
        "data_sent": {
            "rate": 82288.46768376774,
            "count": 2789078
        },
        "http_req_duration": {
            "avg": 16.15383837388352,
            "min": 0.948,
            "med": 15.945,
            "max": 99.021,
            "p(90)": 23.2892,
            "p(95)": 25.746899999999997
        },
        "http_req_connecting": {
            "avg": 4.378078164459502,
            "min": 0.075,
            "med": 0.329,
            "max": 6708.952,
            "p(90)": 0.564,
            "p(95)": 0.727
        },
        "http_req_failed": {
            "passes": 0,
            "fails": 16235,
            "value": 0
        },
        "iterations": {
            "count": 3247,
            "rate": 95.79891798264295
        },
        "iteration_duration": {
            "p(95)": 103.92193769999997,
            "avg": 103.6352545509702,
            "min": 39.906458,
            "med": 82.951583,
            "max": 6805.810125,
            "p(90)": 96.7996664
        },
        "http_req_sending": {
            "min": 0.004,
            "med": 0.03,
            "max": 8.444,
            "p(90)": 0.055,
            "p(95)": 0.073,
            "avg": 0.038850323375422616
        },
        "http_req_tls_handshaking": {
            "max": 0,
            "p(90)": 0,
            "p(95)": 0,
            "avg": 0,
            "min": 0,
            "med": 0
        },
        "data_received": {
            "count": 3935269,
            "rate": 116105.4857316407
        },
        "http_req_waiting": {
            "avg": 16.008662211271922,
            "min": 0.881,
            "med": 15.797,
            "max": 98.837,
            "p(90)": 23.1142,
            "p(95)": 25.5263
        },
        "vus_max": {
            "value": 10,
            "min": 10,
            "max": 10
        },
        "vus": {
            "min": 9,
            "max": 10,
            "value": 9
        }
    }
}