{
    "metrics": {
        "http_req_blocked": {
            "med": 0.152,
            "max": 19509.093,
            "p(90)": 0.225,
            "p(95)": 0.267,
            "avg": 12.238571120822305,
            "min": 0.057
        },
        "vus_max": {
            "max": 10,
            "value": 10,
            "min": 10
        },
        "vus": {
            "value": 3,
            "min": 3,
            "max": 10
        },
        "http_req_duration": {
            "avg": 9.71307429063831,
            "min": 3.155,
            "med": 9.062,
            "max": 55.991,
            "p(90)": 11.877400000000002,
            "p(95)": 13.8097
        },
        "data_received": {
            "count": 2859357,
            "rate": 79334.84580663226
        },
        "data_sent": {
            "count": 2680626,
            "rate": 74375.8300818154
        },
        "http_req_tls_handshaking": {
            "avg": 0,
            "min": 0,
            "med": 0,
            "max": 0,
            "p(90)": 0,
            "p(95)": 0
        },
        "iterations": {
            "count": 16247,
            "rate": 450.78429864488913
        },
        "http_req_waiting": {
            "avg": 9.645594386655977,
            "min": 2.826,
            "med": 9.004,
            "max": 55.665,
            "p(90)": 11.802800000000001,
            "p(95)": 13.701899999999995
        },
        "http_req_failed": {
            "passes": 0,
            "fails": 16247,
            "value": 0
        },
        "http_reqs": {
            "rate": 450.78429864488913,
            "count": 16247
        },
        "http_req_connecting": {
            "min": 0.042,
            "med": 0.124,
            "max": 19509.032,
            "p(90)": 0.184,
            "p(95)": 0.22,
            "avg": 12.205939742721732
        },
        "http_req_sending": {
            "max": 1.175,
            "p(90)": 0.028,
            "p(95)": 0.035,
            "avg": 0.020630393303378056,
            "min": 0.006,
            "med": 0.017
        },
        "http_req_receiving": {
            "p(95)": 0.089,
            "avg": 0.04684951067889353,
            "min": 0.011,
            "med": 0.036,
            "max": 4.55,
            "p(90)": 0.067
        },
        "http_req_duration{expected_response:true}": {
            "med": 9.062,
            "max": 55.991,
            "p(90)": 11.877400000000002,
            "p(95)": 13.8097,
            "avg": 9.71307429063831,
            "min": 3.155
        },
        "iteration_duration": {
            "avg": 22.025774011940612,
            "min": 3.626792,
            "med": 9.290208,
            "max": 19538.331917,
            "p(90)": 12.128633400000002,
            "p(95)": 14.0844954
        }
    },
    "root_group": {
        "name": "",
        "path": "",
        "id": "d41d8cd98f00b204e9800998ecf8427e",
        "groups": {},
        "checks": {}
    }
}