{
    "root_group": {
        "path": "",
        "id": "d41d8cd98f00b204e9800998ecf8427e",
        "groups": {},
        "checks": {},
        "name": ""
    },
    "metrics": {
        "http_req_connecting": {
            "p(95)": 0.239,
            "avg": 131.21156087275395,
            "min": 0,
            "med": 0.125,
            "max": 19533.407,
            "p(90)": 0.19
        },
        "data_received": {
            "count": 2912129,
            "rate": 72712.971841526
        },
        "http_req_failed": {
            "passes": 1,
            "fails": 16361,
            "value": 0.00006111722283339445
        },
        "iterations": {
            "rate": 408.54290633108917,
            "count": 16362
        },
        "iteration_duration": {
            "avg": 215.2317436067108,
            "min": 3.214375,
            "med": 80.6015835,
            "max": 25903.416833,
            "p(90)": 96.2864589,
            "p(95)": 106.19547499999999
        },
        "http_req_duration": {
            "avg": 82.33215511551191,
            "min": 0,
            "med": 80.179,
            "max": 183.002,
            "p(90)": 95.23949999999999,
            "p(95)": 103.37199999999999
        },
        "http_req_tls_handshaking": {
            "avg": 0,
            "min": 0,
            "med": 0,
            "max": 0,
            "p(90)": 0,
            "p(95)": 0
        },
        "http_req_waiting": {
            "max": 182.96,
            "p(90)": 95.16130000000001,
            "p(95)": 103.28555,
            "avg": 82.26048270382574,
            "min": 0,
            "med": 80.1135
        },
        "data_sent": {
            "count": 2732146,
            "rate": 68218.97490287617
        },
        "http_reqs": {
            "count": 16362,
            "rate": 408.54290633108917
        },
        "http_req_blocked": {
            "avg": 131.24625015279307,
            "min": 0,
            "med": 0.154,
            "max": 19533.451,
            "p(90)": 0.231,
            "p(95)": 0.289
        },
        "vus_max": {
            "max": 100,
            "value": 100,
            "min": 100
        },
        "vus": {
            "value": 5,
            "min": 5,
            "max": 100
        },
        "http_req_duration{expected_response:true}": {
            "min": 2.942,
            "med": 80.179,
            "max": 183.002,
            "p(90)": 95.24,
            "p(95)": 103.373,
            "avg": 82.33718733573778
        },
        "http_req_receiving": {
            "avg": 0.05002609705414911,
            "min": 0,
            "med": 0.037,
            "max": 15.32,
            "p(90)": 0.079,
            "p(95)": 0.104
        },
        "http_req_sending": {
            "p(90)": 0.031,
            "p(95)": 0.04394999999999927,
            "avg": 0.021646314631462073,
            "min": 0,
            "med": 0.017,
            "max": 9.065
        }
    }
}