{
    "root_group": {
        "id": "d41d8cd98f00b204e9800998ecf8427e",
        "groups": {},
        "checks": {},
        "name": "",
        "path": ""
    },
    "metrics": {
        "http_req_tls_handshaking": {
            "p(90)": 0,
            "p(95)": 0,
            "avg": 0,
            "min": 0,
            "med": 0,
            "max": 0
        },
        "iterations": {
            "count": 8052,
            "rate": 267.4476545617927
        },
        "http_req_sending": {
            "p(95)": 0.034,
            "avg": 0.013942995529061305,
            "min": 0.002,
            "med": 0.008,
            "max": 2.458,
            "p(90)": 0.022
        },
        "vus_max": {
            "value": 100,
            "min": 100,
            "max": 100
        },
        "http_reqs": {
            "count": 8052,
            "rate": 267.4476545617927
        },
        "http_req_waiting": {
            "avg": 373.2006177347238,
            "min": 46.525,
            "med": 221.582,
            "max": 5235.965,
            "p(90)": 750.9996,
            "p(95)": 875.39485
        },
        "data_received": {
            "count": 1264105,
            "rate": 41987.322077724166
        },
        "http_req_blocked": {
            "avg": 0.04691219572776232,
            "min": 0,
            "med": 0.002,
            "max": 4.856,
            "p(90)": 0.004,
            "p(95)": 0.006
        },
        "http_req_duration": {
            "p(90)": 751.0477,
            "p(95)": 875.4418999999999,
            "avg": 373.25568231495225,
            "min": 46.845,
            "med": 221.61849999999998,
            "max": 5236.005
        },
        "http_req_failed": {
            "passes": 0,
            "fails": 8052,
            "value": 0
        },
        "http_req_duration{expected_response:true}": {
            "avg": 373.25568231495225,
            "min": 46.845,
            "med": 221.61849999999998,
            "max": 5236.005,
            "p(90)": 751.0477,
            "p(95)": 875.4418999999999
        },
        "iteration_duration": {
            "avg": 373.45316278154326,
            "min": 48.799417,
            "med": 221.939625,
            "max": 5240.036958,
            "p(90)": 751.1140705,
            "p(95)": 875.62543155
        },
        "http_req_receiving": {
            "avg": 0.04112158469945288,
            "min": 0.005,
            "med": 0.022,
            "max": 5.428,
            "p(90)": 0.063,
            "p(95)": 0.099
        },
        "data_sent": {
            "count": 1344625,
            "rate": 44661.798623342096
        },
        "http_req_connecting": {
            "min": 0,
            "med": 0,
            "max": 2.715,
            "p(90)": 0,
            "p(95)": 0,
            "avg": 0.027905861897665182
        },
        "vus": {
            "value": 100,
            "min": 100,
            "max": 100
        }
    }
}