{
    "metrics": {
        "http_reqs": {
            "count": 3509,
            "rate": 116.63442572934822
        },
        "iterations": {
            "count": 3509,
            "rate": 116.63442572934822
        },
        "vus": {
            "value": 10,
            "min": 10,
            "max": 10
        },
        "http_req_failed": {
            "passes": 0,
            "fails": 3509,
            "value": 0
        },
        "http_req_duration": {
            "max": 264.644,
            "p(90)": 136.07920000000001,
            "p(95)": 151.47799999999998,
            "avg": 85.45983642063247,
            "min": 17.661,
            "med": 80.239
        },
        "http_req_connecting": {
            "p(95)": 0,
            "avg": 0.0012958107722998004,
            "min": 0,
            "med": 0,
            "max": 0.507,
            "p(90)": 0
        },
        "iteration_duration": {
            "avg": 85.69526003619254,
            "min": 17.801708,
            "med": 80.477375,
            "max": 265.306209,
            "p(90)": 136.2990588,
            "p(95)": 151.6490586
        },
        "http_req_receiving": {
            "avg": 0.07010088344257628,
            "min": 0.008,
            "med": 0.051,
            "max": 3.129,
            "p(90)": 0.129,
            "p(95)": 0.154
        },
        "data_received": {
            "count": 550881,
            "rate": 18310.541202681416
        },
        "http_req_tls_handshaking": {
            "med": 0,
            "max": 0,
            "p(90)": 0,
            "p(95)": 0,
            "avg": 0,
            "min": 0
        },
        "vus_max": {
            "value": 10,
            "min": 10,
            "max": 10
        },
        "http_req_waiting": {
            "max": 264.476,
            "p(90)": 135.9366,
            "p(95)": 151.32739999999998,
            "avg": 85.36254602450842,
            "min": 17.597,
            "med": 80.163
        },
        "data_sent": {
            "count": 585971,
            "rate": 19476.885459974896
        },
        "http_req_sending": {
            "avg": 0.02718951268167596,
            "min": 0.003,
            "med": 0.021,
            "max": 6.172,
            "p(90)": 0.042,
            "p(95)": 0.048
        },
        "http_req_duration{expected_response:true}": {
            "med": 80.239,
            "max": 264.644,
            "p(90)": 136.07920000000001,
            "p(95)": 151.47799999999998,
            "avg": 85.45983642063247,
            "min": 17.661
        },
        "http_req_blocked": {
            "avg": 0.007000569962952497,
            "min": 0,
            "med": 0.004,
            "max": 0.781,
            "p(90)": 0.008,
            "p(95)": 0.009
        }
    },
    "root_group": {
        "name": "",
        "path": "",
        "id": "d41d8cd98f00b204e9800998ecf8427e",
        "groups": {},
        "checks": {}
    }
}