{
    "metrics": {
        "http_req_waiting": {
            "max": 136.632,
            "p(90)": 26.73,
            "p(95)": 32.18404999999998,
            "avg": 13.437427442937118,
            "min": 0.084,
            "med": 11.239
        },
        "data_sent": {
            "count": 84598879,
            "rate": 604263.2997793237
        },
        "iterations": {
            "count": 98488,
            "rate": 703.4689415762358
        },
        "vus": {
            "max": 99,
            "value": 1,
            "min": 1
        },
        "vus_max": {
            "value": 100,
            "min": 100,
            "max": 100
        },
        "iteration_duration": {
            "avg": 67.69324841331866,
            "min": 8.512625,
            "med": 64.93656250000001,
            "max": 226.5295,
            "p(90)": 115.1276912,
            "p(95)": 127.20644189999999
        },
        "http_req_sending": {
            "med": 0.006,
            "max": 15.659,
            "p(90)": 0.011,
            "p(95)": 0.014,
            "avg": 0.008553078547642028,
            "min": 0.001
        },
        "http_reqs": {
            "count": 492440,
            "rate": 3517.3447078811787
        },
        "http_req_connecting": {
            "p(90)": 0,
            "p(95)": 0,
            "avg": 0.00005781414994720169,
            "min": 0,
            "med": 0,
            "max": 1.089
        },
        "http_req_tls_handshaking": {
            "med": 0,
            "max": 0,
            "p(90)": 0,
            "p(95)": 0,
            "avg": 0,
            "min": 0
        },
        "http_req_duration": {
            "max": 136.649,
            "p(90)": 26.761,
            "p(95)": 32.21404999999998,
            "avg": 13.469725032491207,
            "min": 0.094,
            "med": 11.2695
        },
        "http_req_receiving": {
            "min": -0.029,
            "med": 0.017,
            "max": 9.892,
            "p(90)": 0.033,
            "p(95)": 0.042,
            "avg": 0.023744511006396882
        },
        "http_req_duration{expected_response:true}": {
            "max": 136.649,
            "p(90)": 26.761,
            "p(95)": 32.21404999999998,
            "avg": 13.469725032491207,
            "min": 0.094,
            "med": 11.2695
        },
        "http_req_blocked": {
            "avg": 0.0016676427584958818,
            "min": 0,
            "med": 0.001,
            "max": 4.812,
            "p(90)": 0.002,
            "p(95)": 0.003
        },
        "http_req_failed": {
            "fails": 492440,
            "passes": 0,
            "value": 0
        },
        "data_received": {
            "rate": 578938.4178825793,
            "count": 81053311
        }
    },
    "root_group": {
        "id": "d41d8cd98f00b204e9800998ecf8427e",
        "groups": {},
        "checks": {},
        "name": "",
        "path": ""
    }
}