{
    "metrics": {
        "http_req_duration": {
            "med": 302.2575,
            "max": 594.949,
            "p(90)": 350.29,
            "p(95)": 364.00100000000003,
            "avg": 304.5359289715878,
            "min": 25.852
        },
        "http_req_duration{expected_response:true}": {
            "p(90)": 350.29,
            "p(95)": 364.00100000000003,
            "avg": 304.5359289715878,
            "min": 25.852,
            "med": 302.2575,
            "max": 594.949
        },
        "http_req_tls_handshaking": {
            "p(90)": 0,
            "p(95)": 0,
            "avg": 0,
            "min": 0,
            "med": 0,
            "max": 0
        },
        "http_req_sending": {
            "avg": 0.014109143657463038,
            "min": 0.002,
            "med": 0.012,
            "max": 2.149,
            "p(90)": 0.022,
            "p(95)": 0.026
        },
        "http_reqs": {
            "count": 9996,
            "rate": 327.0527385301041
        },
        "iteration_duration": {
            "min": 889.30975,
            "med": 1205.67775,
            "max": 1734.571167,
            "p(90)": 1348.4964078,
            "p(95)": 1442.9251583,
            "avg": 1218.6955981732674
        },
        "http_req_blocked": {
            "min": 0,
            "med": 0.002,
            "max": 7.004,
            "p(90)": 0.004,
            "p(95)": 0.005,
            "avg": 0.03032573029211308
        },
        "http_req_receiving": {
            "min": 0.008,
            "med": 0.053,
            "max": 36.601,
            "p(90)": 0.285,
            "p(95)": 0.5567499999999987,
            "avg": 0.17247058823529382
        },
        "data_received": {
            "count": 2901290,
            "rate": 94925.45415866403
        },
        "http_req_failed": {
            "passes": 0,
            "fails": 9996,
            "value": 0
        },
        "vus": {
            "min": 100,
            "max": 100,
            "value": 100
        },
        "vus_max": {
            "value": 100,
            "min": 100,
            "max": 100
        },
        "data_sent": {
            "count": 1541847,
            "rate": 50446.70705726544
        },
        "iterations": {
            "count": 2499,
            "rate": 81.76318463252602
        },
        "http_req_waiting": {
            "med": 302.08500000000004,
            "max": 594.91,
            "p(90)": 350.088,
            "p(95)": 363.80924999999996,
            "avg": 304.34934923969564,
            "min": 25.805
        },
        "http_req_connecting": {
            "avg": 0.024973689475790317,
            "min": 0,
            "med": 0,
            "max": 2.813,
            "p(90)": 0,
            "p(95)": 0
        }
    },
    "root_group": {
        "name": "",
        "path": "",
        "id": "d41d8cd98f00b204e9800998ecf8427e",
        "groups": {},
        "checks": {}
    }
}