{
    "metrics": {
        "http_req_failed": {
            "passes": 0,
            "fails": 12464,
            "value": 0
        },
        "http_req_duration": {
            "max": 115.448,
            "p(90)": 30.8241,
            "p(95)": 34.869949999999996,
            "avg": 23.992371148908827,
            "min": 8.767,
            "med": 22.141
        },
        "http_req_blocked": {
            "avg": 0.0034195282413352064,
            "min": 0,
            "med": 0.002,
            "max": 1.682,
            "p(90)": 0.003,
            "p(95)": 0.004
        },
        "data_received": {
            "count": 3617594,
            "rate": 120320.8023457806
        },
        "http_req_connecting": {
            "avg": 0.0003913671373555841,
            "min": 0,
            "med": 0,
            "max": 0.536,
            "p(90)": 0,
            "p(95)": 0
        },
        "http_req_waiting": {
            "avg": 23.90433929717578,
            "min": 8.682,
            "med": 22.051499999999997,
            "max": 115.404,
            "p(90)": 30.715400000000002,
            "p(95)": 34.801249999999996
        },
        "data_sent": {
            "count": 1922516,
            "rate": 63942.68335324548
        },
        "vus": {
            "value": 10,
            "min": 10,
            "max": 10
        },
        "vus_max": {
            "value": 10,
            "min": 10,
            "max": 10
        },
        "http_reqs": {
            "count": 12464,
            "rate": 414.55135110181226
        },
        "http_req_duration{expected_response:true}": {
            "min": 8.767,
            "med": 22.141,
            "max": 115.448,
            "p(90)": 30.8241,
            "p(95)": 34.869949999999996,
            "avg": 23.992371148908827
        },
        "iterations": {
            "count": 3116,
            "rate": 103.63783777545306
        },
        "http_req_tls_handshaking": {
            "avg": 0,
            "min": 0,
            "med": 0,
            "max": 0,
            "p(90)": 0,
            "p(95)": 0
        },
        "http_req_sending": {
            "max": 7.067,
            "p(90)": 0.02,
            "p(95)": 0.023,
            "avg": 0.015434050064184288,
            "min": 0.002,
            "med": 0.013
        },
        "http_req_receiving": {
            "max": 5.389,
            "p(90)": 0.11670000000000029,
            "p(95)": 0.189,
            "avg": 0.07259780166880606,
            "min": 0.012,
            "med": 0.055
        },
        "iteration_duration": {
            "p(90)": 114.3367915,
            "p(95)": 127.84486424999999,
            "avg": 96.40774598908835,
            "min": 67.414,
            "med": 91.9601875,
            "max": 226.274625
        }
    },
    "root_group": {
        "checks": {},
        "name": "",
        "path": "",
        "id": "d41d8cd98f00b204e9800998ecf8427e",
        "groups": {}
    }
}