{
    "root_group": {
        "checks": {},
        "name": "",
        "path": "",
        "id": "d41d8cd98f00b204e9800998ecf8427e",
        "groups": {}
    },
    "metrics": {
        "http_req_duration": {
            "p(90)": 8.686,
            "p(95)": 9.806,
            "avg": 4.5582830456226935,
            "min": 0.098,
            "med": 5.0575,
            "max": 55.429
        },
        "http_req_receiving": {
            "min": 0.003,
            "med": 0.02,
            "max": 7.29,
            "p(90)": 0.036,
            "p(95)": 0.044,
            "avg": 0.02421901972872998
        },
        "iteration_duration": {
            "avg": 23.122008133631255,
            "min": 10.088208,
            "med": 22.262083,
            "max": 79.008375,
            "p(90)": 28.708875000000003,
            "p(95)": 32.09182275
        },
        "vus": {
            "max": 10,
            "value": 10,
            "min": 10
        },
        "http_req_duration{expected_response:true}": {
            "med": 5.0575,
            "max": 55.429,
            "p(90)": 8.686,
            "p(95)": 9.806,
            "avg": 4.5582830456226935,
            "min": 0.098
        },
        "data_received": {
            "count": 10678937,
            "rate": 355719.2626631342
        },
        "vus_max": {
            "value": 10,
            "min": 10,
            "max": 10
        },
        "http_req_connecting": {
            "max": 0.57,
            "p(90)": 0,
            "p(95)": 0,
            "avg": 0.00007829839704069051,
            "min": 0,
            "med": 0
        },
        "http_reqs": {
            "count": 64880,
            "rate": 2161.1763194767555
        },
        "http_req_blocked": {
            "min": 0,
            "med": 0.001,
            "max": 6.952,
            "p(90)": 0.003,
            "p(95)": 0.003,
            "avg": 0.00212427558569721
        },
        "http_req_sending": {
            "avg": 0.009794636251538265,
            "min": 0.001,
            "med": 0.008,
            "max": 6.237,
            "p(90)": 0.014,
            "p(95)": 0.017
        },
        "http_req_failed": {
            "passes": 0,
            "fails": 64880,
            "value": 0
        },
        "http_req_waiting": {
            "p(90)": 8.648,
            "p(95)": 9.771049999999997,
            "avg": 4.524269389642423,
            "min": 0.085,
            "med": 5.023,
            "max": 55.388
        },
        "data_sent": {
            "count": 11146073,
            "rate": 371279.7321633668
        },
        "http_req_tls_handshaking": {
            "p(95)": 0,
            "avg": 0,
            "min": 0,
            "med": 0,
            "max": 0,
            "p(90)": 0
        },
        "iterations": {
            "count": 12976,
            "rate": 432.2352638953511
        }
    }
}