{
    "metrics": {
        "data_sent": {
            "count": 20637780,
            "rate": 685949.961082112
        },
        "iterations": {
            "count": 24026,
            "rate": 798.5662103655928
        },
        "http_req_failed": {
            "fails": 120130,
            "passes": 0,
            "value": 0
        },
        "iteration_duration": {
            "p(95)": 155.88261425000002,
            "avg": 125.06807680762498,
            "min": 55.626875,
            "med": 122.7403755,
            "max": 308.851041,
            "p(90)": 145.92641650000002
        },
        "http_req_tls_handshaking": {
            "min": 0,
            "med": 0,
            "max": 0,
            "p(90)": 0,
            "p(95)": 0,
            "avg": 0
        },
        "http_reqs": {
            "count": 120130,
            "rate": 3992.831051827964
        },
        "http_req_connecting": {
            "min": 0,
            "med": 0,
            "max": 5.415,
            "p(90)": 0,
            "p(95)": 0,
            "avg": 0.0009523432947640057
        },
        "http_req_sending": {
            "min": 0.001,
            "med": 0.006,
            "max": 9.558,
            "p(90)": 0.011,
            "p(95)": 0.014,
            "avg": 0.009749013568632794
        },
        "data_received": {
            "count": 19772844,
            "rate": 657201.5775089507
        },
        "http_req_duration": {
            "min": 0.175,
            "med": 24.492,
            "max": 207.848,
            "p(90)": 39.395100000000006,
            "p(95)": 45.46354999999999,
            "avg": 24.93744293681859
        },
        "vus": {
            "value": 100,
            "min": 100,
            "max": 100
        },
        "http_req_receiving": {
            "avg": 0.025227803213181188,
            "min": 0.004,
            "med": 0.016,
            "max": 11.202,
            "p(90)": 0.034,
            "p(95)": 0.046
        },
        "http_req_blocked": {
            "p(95)": 0.003,
            "avg": 0.004060634312815041,
            "min": 0,
            "med": 0.001,
            "max": 7.176,
            "p(90)": 0.002
        },
        "http_req_waiting": {
            "avg": 24.90246612003632,
            "min": 0.151,
            "med": 24.461,
            "max": 207.831,
            "p(90)": 39.36,
            "p(95)": 45.41794999999995
        },
        "vus_max": {
            "value": 100,
            "min": 100,
            "max": 100
        },
        "http_req_duration{expected_response:true}": {
            "max": 207.848,
            "p(90)": 39.395100000000006,
            "p(95)": 45.46354999999999,
            "avg": 24.93744293681859,
            "min": 0.175,
            "med": 24.492
        }
    },
    "root_group": {
        "groups": {},
        "checks": {},
        "name": "",
        "path": "",
        "id": "d41d8cd98f00b204e9800998ecf8427e"
    }
}