{
    "metrics": {
        "http_req_waiting": {
            "max": 386.182,
            "p(90)": 309.942,
            "p(95)": 322.1955,
            "avg": 277.64333622840206,
            "min": 13.384,
            "med": 278.925
        },
        "http_req_sending": {
            "min": 0.004,
            "med": 0.031,
            "max": 7.204,
            "p(90)": 0.06,
            "p(95)": 0.079,
            "avg": 0.040586528688902515
        },
        "data_sent": {
            "count": 1731598,
            "rate": 57133.80712830524
        },
        "http_req_receiving": {
            "avg": 0.1348651944932094,
            "min": 0.009,
            "med": 0.077,
            "max": 4.386,
            "p(90)": 0.249,
            "p(95)": 0.451
        },
        "data_received": {
            "count": 2153695,
            "rate": 71060.83210028849
        },
        "vus": {
            "value": 100,
            "min": 100,
            "max": 100
        },
        "http_req_blocked": {
            "p(90)": 0.736,
            "p(95)": 0.9305999999999981,
            "avg": 0.5227656841910759,
            "min": 0.104,
            "med": 0.466,
            "max": 8.915
        },
        "iterations": {
            "count": 10823,
            "rate": 357.103204409827
        },
        "vus_max": {
            "value": 100,
            "min": 100,
            "max": 100
        },
        "iteration_duration": {
            "max": 386.773083,
            "p(90)": 310.90572460000004,
            "p(95)": 323.144108,
            "avg": 278.53624235036614,
            "min": 14.95825,
            "med": 279.917166
        },
        "http_req_failed": {
            "passes": 0,
            "fails": 10823,
            "value": 0
        },
        "http_reqs": {
            "count": 10823,
            "rate": 357.103204409827
        },
        "http_req_duration": {
            "max": 386.279,
            "p(90)": 310.15900000000005,
            "p(95)": 322.37699999999995,
            "avg": 277.818787951584,
            "min": 13.506,
            "med": 279.177
        },
        "http_req_duration{expected_response:true}": {
            "min": 13.506,
            "med": 279.177,
            "max": 386.279,
            "p(90)": 310.15900000000005,
            "p(95)": 322.37699999999995,
            "avg": 277.818787951584
        },
        "http_req_connecting": {
            "med": 0.403,
            "max": 8.85,
            "p(90)": 0.64,
            "p(95)": 0.7908999999999996,
            "avg": 0.4512225815393134,
            "min": 0.082
        },
        "http_req_tls_handshaking": {
            "avg": 0,
            "min": 0,
            "med": 0,
            "max": 0,
            "p(90)": 0,
            "p(95)": 0
        }
    },
    "root_group": {
        "id": "d41d8cd98f00b204e9800998ecf8427e",
        "groups": {},
        "checks": {},
        "name": "",
        "path": ""
    }
}