{
    "metrics": {
        "iteration_duration": {
            "max": 147.960042,
            "p(90)": 34.0038582,
            "p(95)": 37.52905,
            "avg": 26.85261075046997,
            "min": 11.592959,
            "med": 26.129833
        },
        "http_req_tls_handshaking": {
            "avg": 0,
            "min": 0,
            "med": 0,
            "max": 0,
            "p(90)": 0,
            "p(95)": 0
        },
        "vus_max": {
            "min": 10,
            "max": 10,
            "value": 10
        },
        "http_req_duration{expected_response:true}": {
            "max": 147.368,
            "p(90)": 33.3626,
            "p(95)": 36.74499999999999,
            "avg": 26.208473095174188,
            "min": 11.037,
            "med": 25.491
        },
        "http_req_failed": {
            "passes": 0,
            "fails": 11169,
            "value": 0
        },
        "http_req_connecting": {
            "med": 0.381,
            "max": 8.627,
            "p(90)": 0.592,
            "p(95)": 0.711,
            "avg": 0.4086917360551535,
            "min": 0.095
        },
        "iterations": {
            "count": 11169,
            "rate": 372.00016786470104
        },
        "http_req_duration": {
            "med": 25.491,
            "max": 147.368,
            "p(90)": 33.3626,
            "p(95)": 36.74499999999999,
            "avg": 26.208473095174188,
            "min": 11.037
        },
        "http_reqs": {
            "count": 11169,
            "rate": 372.00016786470104
        },
        "http_req_waiting": {
            "avg": 26.053093293938595,
            "min": 10.992,
            "med": 25.349,
            "max": 147.11,
            "p(90)": 33.185,
            "p(95)": 36.5222
        },
        "http_req_sending": {
            "max": 4.371,
            "p(90)": 0.063,
            "p(95)": 0.087,
            "avg": 0.03841937505595801,
            "min": 0.005,
            "med": 0.03
        },
        "http_req_receiving": {
            "avg": 0.11696042617960396,
            "min": 0.012,
            "med": 0.073,
            "max": 6.039,
            "p(90)": 0.209,
            "p(95)": 0.342
        },
        "vus": {
            "value": 10,
            "min": 10,
            "max": 10
        },
        "data_sent": {
            "count": 1786968,
            "rate": 59517.62879119429
        },
        "http_req_blocked": {
            "p(95)": 0.829,
            "avg": 0.47115131166621954,
            "min": 0.109,
            "med": 0.437,
            "max": 8.716,
            "p(90)": 0.688
        },
        "data_received": {
            "count": 2222559,
            "rate": 74025.63533791763
        }
    },
    "root_group": {
        "groups": {},
        "checks": {},
        "name": "",
        "path": "",
        "id": "d41d8cd98f00b204e9800998ecf8427e"
    }
}