{
    "root_group": {
        "name": "",
        "path": "",
        "id": "d41d8cd98f00b204e9800998ecf8427e",
        "groups": {},
        "checks": {}
    },
    "metrics": {
        "data_received": {
            "rate": 232115.75110184416,
            "count": 6964826
        },
        "vus_max": {
            "value": 10,
            "min": 10,
            "max": 10
        },
        "http_req_sending": {
            "avg": 0.012008203424481239,
            "min": 0.001,
            "med": 0.01,
            "max": 5.77,
            "p(90)": 0.017,
            "p(95)": 0.021
        },
        "iteration_duration": {
            "max": 50.783916,
            "p(90)": 10.876329100000001,
            "p(95)": 12.443446199999999,
            "avg": 7.657937279095295,
            "min": 2.202875,
            "med": 7.161291
        },
        "http_req_connecting": {
            "p(95)": 0,
            "avg": 0.00015290058778430872,
            "min": 0,
            "med": 0,
            "max": 0.63,
            "p(90)": 0
        },
        "http_req_duration": {
            "max": 44.639,
            "p(90)": 10.776,
            "p(95)": 12.331549999999998,
            "avg": 7.5542045233835085,
            "min": 2.107,
            "med": 7.06
        },
        "http_req_duration{expected_response:true}": {
            "min": 2.107,
            "med": 7.06,
            "max": 44.639,
            "p(90)": 10.776,
            "p(95)": 12.331549999999998,
            "avg": 7.5542045233835085
        },
        "data_sent": {
            "count": 6260486,
            "rate": 208642.31355565522
        },
        "iterations": {
            "count": 39130,
            "rate": 1304.0798636771633
        },
        "http_req_tls_handshaking": {
            "med": 0,
            "max": 0,
            "p(90)": 0,
            "p(95)": 0,
            "avg": 0,
            "min": 0
        },
        "http_req_blocked": {
            "avg": 0.002504191157679574,
            "min": 0,
            "med": 0.002,
            "max": 1.852,
            "p(90)": 0.003,
            "p(95)": 0.004
        },
        "http_req_failed": {
            "passes": 0,
            "fails": 39130,
            "value": 0
        },
        "http_reqs": {
            "count": 39130,
            "rate": 1304.0798636771633
        },
        "http_req_waiting": {
            "max": 43.827,
            "p(90)": 10.738100000000001,
            "p(95)": 12.287,
            "avg": 7.51381006900072,
            "min": 2.073,
            "med": 7.021
        },
        "http_req_receiving": {
            "med": 0.022,
            "max": 7.795,
            "p(90)": 0.042,
            "p(95)": 0.054,
            "avg": 0.028386250958343445,
            "min": 0.004
        },
        "vus": {
            "value": 10,
            "min": 10,
            "max": 10
        }
    }
}