{
    "root_group": {
        "groups": {},
        "checks": {},
        "name": "",
        "path": "",
        "id": "d41d8cd98f00b204e9800998ecf8427e"
    },
    "metrics": {
        "http_req_failed": {
            "passes": 0,
            "fails": 83077,
            "value": 0
        },
        "vus_max": {
            "min": 100,
            "max": 100,
            "value": 100
        },
        "http_req_duration": {
            "avg": 35.99018691093822,
            "min": 13.24,
            "med": 34.5,
            "max": 117.552,
            "p(90)": 46.07080000000001,
            "p(95)": 52.298
        },
        "http_req_receiving": {
            "p(90)": 0.035,
            "p(95)": 0.049,
            "avg": 0.02632132840617287,
            "min": 0.004,
            "med": 0.016,
            "max": 9.23
        },
        "iteration_duration": {
            "avg": 36.103561969558314,
            "min": 14.773125,
            "med": 34.60425,
            "max": 125.235708,
            "p(90)": 46.214042000000006,
            "p(95)": 52.3949502
        },
        "http_req_duration{expected_response:true}": {
            "med": 34.5,
            "max": 117.552,
            "p(90)": 46.07080000000001,
            "p(95)": 52.298,
            "avg": 35.99018691093822,
            "min": 13.24
        },
        "http_req_waiting": {
            "min": 12.751,
            "med": 34.467,
            "max": 117.537,
            "p(90)": 46.041,
            "p(95)": 52.27,
            "avg": 35.95401088147175
        },
        "http_req_sending": {
            "avg": 0.009854701060453863,
            "min": 0.001,
            "med": 0.006,
            "max": 8.965,
            "p(90)": 0.012,
            "p(95)": 0.016
        },
        "http_req_blocked": {
            "min": 0,
            "med": 0.001,
            "max": 5.382,
            "p(90)": 0.002,
            "p(95)": 0.003,
            "avg": 0.005755576152232166
        },
        "data_sent": {
            "count": 13291663,
            "rate": 442934.0693983182
        },
        "iterations": {
            "count": 83077,
            "rate": 2768.4747712460116
        },
        "vus": {
            "value": 100,
            "min": 100,
            "max": 100
        },
        "http_req_connecting": {
            "p(95)": 0,
            "avg": 0.002906460271796043,
            "min": 0,
            "med": 0,
            "max": 2.835,
            "p(90)": 0
        },
        "data_received": {
            "count": 14787049,
            "rate": 492766.61528074637
        },
        "http_reqs": {
            "rate": 2768.4747712460116,
            "count": 83077
        },
        "http_req_tls_handshaking": {
            "min": 0,
            "med": 0,
            "max": 0,
            "p(90)": 0,
            "p(95)": 0,
            "avg": 0
        }
    }
}