{
    "root_group": {
        "groups": {},
        "checks": {},
        "name": "",
        "path": "",
        "id": "d41d8cd98f00b204e9800998ecf8427e"
    },
    "metrics": {
        "http_req_connecting": {
            "avg": 0.022895326837574496,
            "min": 0,
            "med": 0,
            "max": 150.934,
            "p(90)": 0,
            "p(95)": 0
        },
        "http_req_failed": {
            "passes": 0,
            "fails": 42284,
            "value": 0
        },
        "http_req_duration": {
            "p(95)": 410.75115,
            "avg": 158.38399671270415,
            "min": 6.769,
            "med": 122.9765,
            "max": 818.844,
            "p(90)": 348.0579
        },
        "http_req_tls_handshaking": {
            "avg": 0,
            "min": 0,
            "med": 0,
            "max": 0,
            "p(90)": 0,
            "p(95)": 0
        },
        "iteration_duration": {
            "avg": 634.0468088412634,
            "min": 29.896125,
            "med": 531.223083,
            "max": 2004.390833,
            "p(90)": 1380.028667,
            "p(95)": 1526.9558959999997
        },
        "http_req_waiting": {
            "min": 6.689,
            "med": 122.7865,
            "max": 818.792,
            "p(90)": 347.6817,
            "p(95)": 410.31224999999995,
            "avg": 158.18227478478823
        },
        "http_req_duration{expected_response:true}": {
            "avg": 158.38399671270415,
            "min": 6.769,
            "med": 122.9765,
            "max": 818.844,
            "p(90)": 348.0579,
            "p(95)": 410.75115
        },
        "http_req_sending": {
            "avg": 0.014970650837194087,
            "min": 0.002,
            "med": 0.012,
            "max": 4.061,
            "p(90)": 0.022,
            "p(95)": 0.026
        },
        "iterations": {
            "count": 10571,
            "rate": 75.49366723754096
        },
        "http_req_receiving": {
            "avg": 0.1867512770787992,
            "min": 0.011,
            "med": 0.056,
            "max": 139.643,
            "p(90)": 0.3547000000000009,
            "p(95)": 0.8188499999999981
        },
        "data_received": {
            "count": 12272672,
            "rate": 87646.29799295112
        },
        "data_sent": {
            "count": 6522131,
            "rate": 46578.335767065575
        },
        "vus_max": {
            "value": 100,
            "min": 100,
            "max": 100
        },
        "vus": {
            "value": 1,
            "min": 1,
            "max": 99
        },
        "http_reqs": {
            "count": 42284,
            "rate": 301.97466895016385
        },
        "http_req_blocked": {
            "avg": 0.025362122788748217,
            "min": 0,
            "med": 0.002,
            "max": 151.026,
            "p(90)": 0.004,
            "p(95)": 0.004
        }
    }
}