{
    "root_group": {
        "name": "",
        "path": "",
        "id": "d41d8cd98f00b204e9800998ecf8427e",
        "groups": {},
        "checks": {}
    },
    "metrics": {
        "http_req_waiting": {
            "avg": 28.383135212309508,
            "min": 5.364,
            "med": 25.23,
            "max": 391.228,
            "p(90)": 42.02290000000001,
            "p(95)": 48.66534999999999
        },
        "http_req_sending": {
            "avg": 0.00881081850262755,
            "min": 0.001,
            "med": 0.006,
            "max": 15.144,
            "p(90)": 0.011,
            "p(95)": 0.014
        },
        "iteration_duration": {
            "med": 25.327792000000002,
            "max": 391.3345,
            "p(90)": 42.0837628,
            "p(95)": 48.61523095,
            "avg": 28.454939235836648,
            "min": 7.586625
        },
        "iterations": {
            "count": 105412,
            "rate": 3503.1621911054535
        },
        "http_req_duration": {
            "min": 5.395,
            "med": 25.26,
            "max": 391.251,
            "p(90)": 42.060900000000004,
            "p(95)": 48.7,
            "avg": 28.41543465639579
        },
        "http_req_duration{expected_response:true}": {
            "max": 391.251,
            "p(90)": 42.060900000000004,
            "p(95)": 48.7,
            "avg": 28.41543465639579,
            "min": 5.395,
            "med": 25.26
        },
        "http_req_tls_handshaking": {
            "min": 0,
            "med": 0,
            "max": 0,
            "p(90)": 0,
            "p(95)": 0,
            "avg": 0
        },
        "vus": {
            "value": 100,
            "min": 100,
            "max": 100
        },
        "http_req_receiving": {
            "min": 0.004,
            "med": 0.015,
            "max": 15.27,
            "p(90)": 0.032,
            "p(95)": 0.044,
            "avg": 0.02348862558341925
        },
        "vus_max": {
            "value": 100,
            "min": 100,
            "max": 100
        },
        "http_reqs": {
            "count": 105412,
            "rate": 3503.1621911054535
        },
        "http_req_connecting": {
            "p(90)": 0,
            "p(95)": 0,
            "avg": 0.002279550715288582,
            "min": 0,
            "med": 0,
            "max": 2.711
        },
        "http_req_failed": {
            "passes": 0,
            "fails": 105412,
            "value": 0
        },
        "data_received": {
            "count": 18762454,
            "rate": 623533.5584673025
        },
        "http_req_blocked": {
            "min": 0,
            "med": 0.001,
            "max": 5.019,
            "p(90)": 0.002,
            "p(95)": 0.003,
            "avg": 0.00469986339314912
        },
        "data_sent": {
            "count": 19289514,
            "rate": 641049.3694228297
        }
    }
}