{
    "root_group": {
        "checks": {},
        "name": "",
        "path": "",
        "id": "d41d8cd98f00b204e9800998ecf8427e",
        "groups": {}
    },
    "metrics": {
        "http_req_blocked": {
            "max": 1.783,
            "p(90)": 0.004,
            "p(95)": 0.005,
            "avg": 0.0030974095419166697,
            "min": 0,
            "med": 0.002
        },
        "http_reqs": {
            "count": 33662,
            "rate": 1121.816688514576
        },
        "data_received": {
            "count": 5991553,
            "rate": 199673.939323854
        },
        "vus": {
            "value": 10,
            "min": 10,
            "max": 10
        },
        "http_req_waiting": {
            "p(95)": 14.656,
            "avg": 8.724185877250266,
            "min": 2.154,
            "med": 8.077,
            "max": 81.396,
            "p(90)": 12.221
        },
        "http_req_failed": {
            "passes": 0,
            "fails": 33662,
            "value": 0
        },
        "http_req_sending": {
            "max": 5.341,
            "p(90)": 0.022,
            "p(95)": 0.027,
            "avg": 0.014892103855979333,
            "min": 0.002,
            "med": 0.011
        },
        "http_req_duration": {
            "avg": 8.778340354108508,
            "min": 2.198,
            "med": 8.128,
            "max": 81.529,
            "p(90)": 12.287,
            "p(95)": 14.717949999999998
        },
        "http_req_connecting": {
            "min": 0,
            "med": 0,
            "max": 0.571,
            "p(90)": 0,
            "p(95)": 0,
            "avg": 0.00016006179074327134
        },
        "data_sent": {
            "count": 6159863,
            "rate": 205283.02276642688
        },
        "http_req_tls_handshaking": {
            "avg": 0,
            "min": 0,
            "med": 0,
            "max": 0,
            "p(90)": 0,
            "p(95)": 0
        },
        "vus_max": {
            "max": 10,
            "value": 10,
            "min": 10
        },
        "iteration_duration": {
            "med": 8.24525,
            "max": 81.659958,
            "p(90)": 12.423862200000002,
            "p(95)": 14.905552049999999,
            "avg": 8.89994241408709,
            "min": 2.280292
        },
        "http_req_duration{expected_response:true}": {
            "med": 8.128,
            "max": 81.529,
            "p(90)": 12.287,
            "p(95)": 14.717949999999998,
            "avg": 8.778340354108508,
            "min": 2.198
        },
        "http_req_receiving": {
            "avg": 0.03926237300219688,
            "min": 0.005,
            "med": 0.029,
            "max": 8.099,
            "p(90)": 0.065,
            "p(95)": 0.083
        },
        "iterations": {
            "count": 33662,
            "rate": 1121.816688514576
        }
    }
}