{
    "root_group": {
        "name": "",
        "path": "",
        "id": "d41d8cd98f00b204e9800998ecf8427e",
        "groups": {},
        "checks": {}
    },
    "metrics": {
        "http_req_failed": {
            "passes": 0,
            "fails": 10290,
            "value": 0
        },
        "iteration_duration": {
            "p(90)": 37.763075,
            "p(95)": 41.054862349999986,
            "avg": 29.140901971039842,
            "min": 9.449959,
            "med": 28.246792,
            "max": 124.997625
        },
        "http_req_tls_handshaking": {
            "p(95)": 0,
            "avg": 0,
            "min": 0,
            "med": 0,
            "max": 0,
            "p(90)": 0
        },
        "vus_max": {
            "value": 10,
            "min": 10,
            "max": 10
        },
        "http_req_duration": {
            "p(90)": 37.033,
            "p(95)": 40.31529999999999,
            "avg": 28.423108066083593,
            "min": 8.996,
            "med": 27.564500000000002,
            "max": 123.091
        },
        "iterations": {
            "count": 10290,
            "rate": 342.72353634734645
        },
        "vus": {
            "value": 10,
            "min": 10,
            "max": 10
        },
        "http_req_sending": {
            "min": 0.005,
            "med": 0.036,
            "max": 8.533,
            "p(90)": 0.06510000000000023,
            "p(95)": 0.085,
            "avg": 0.04712857142857094
        },
        "http_req_receiving": {
            "avg": 0.15383381924198294,
            "min": 0.009,
            "med": 0.086,
            "max": 4.723,
            "p(90)": 0.284,
            "p(95)": 0.5225499999999995
        },
        "data_received": {
            "count": 2047627,
            "rate": 68199.21929643421
        },
        "http_req_connecting": {
            "p(95)": 0.8285499999999995,
            "avg": 0.45520165208940705,
            "min": 0.086,
            "med": 0.421,
            "max": 8.077,
            "p(90)": 0.6471000000000002
        },
        "http_req_duration{expected_response:true}": {
            "p(95)": 40.31529999999999,
            "avg": 28.423108066083593,
            "min": 8.996,
            "med": 27.564500000000002,
            "max": 123.091,
            "p(90)": 37.033
        },
        "http_req_waiting": {
            "max": 122.927,
            "p(90)": 36.792100000000005,
            "p(95)": 40.08669999999999,
            "avg": 28.222145675413046,
            "min": 8.937,
            "med": 27.356
        },
        "http_reqs": {
            "count": 10290,
            "rate": 342.72353634734645
        },
        "data_sent": {
            "count": 1882987,
            "rate": 62715.64271487667
        },
        "http_req_blocked": {
            "avg": 0.5310694849368314,
            "min": 0.095,
            "med": 0.489,
            "max": 9.679,
            "p(90)": 0.7571000000000002,
            "p(95)": 0.97
        }
    }
}