{
    "root_group": {
        "name": "",
        "path": "",
        "id": "d41d8cd98f00b204e9800998ecf8427e",
        "groups": {},
        "checks": {}
    },
    "metrics": {
        "http_req_receiving": {
            "p(95)": 0.44519999999999954,
            "avg": 0.14060608704080674,
            "min": 0.012,
            "med": 0.082,
            "max": 4.118,
            "p(90)": 0.253
        },
        "iteration_duration": {
            "max": 395.265625,
            "p(90)": 317.1142828,
            "p(95)": 329.2657834,
            "avg": 292.23606911330785,
            "min": 12.724583,
            "med": 293.348583
        },
        "http_req_duration{expected_response:true}": {
            "p(95)": 328.50939999999997,
            "avg": 291.5265196277988,
            "min": 11.449,
            "med": 292.621,
            "max": 394.652,
            "p(90)": 316.3386
        },
        "http_req_tls_handshaking": {
            "avg": 0,
            "min": 0,
            "med": 0,
            "max": 0,
            "p(90)": 0,
            "p(95)": 0
        },
        "http_req_waiting": {
            "max": 394.536,
            "p(90)": 316.1598,
            "p(95)": 328.3128,
            "avg": 291.34477483764584,
            "min": 11.393,
            "med": 292.445
        },
        "http_req_sending": {
            "max": 2.452,
            "p(90)": 0.063,
            "p(95)": 0.084,
            "avg": 0.04113870311136908,
            "min": 0.004,
            "med": 0.033
        },
        "http_reqs": {
            "count": 10317,
            "rate": 340.43953426604594
        },
        "http_req_connecting": {
            "med": 0.426,
            "max": 9.673,
            "p(90)": 0.652,
            "p(95)": 0.813399999999999,
            "avg": 0.4658138993893554,
            "min": 0.086
        },
        "data_received": {
            "count": 2053001,
            "rate": 67744.7614895538
        },
        "http_req_duration": {
            "min": 11.449,
            "med": 292.621,
            "max": 394.652,
            "p(90)": 316.3386,
            "p(95)": 328.50939999999997,
            "avg": 291.5265196277988
        },
        "iterations": {
            "count": 10317,
            "rate": 340.43953426604594
        },
        "vus_max": {
            "max": 100,
            "value": 100,
            "min": 100
        },
        "data_sent": {
            "count": 1887929,
            "rate": 62297.728941297064
        },
        "vus": {
            "value": 100,
            "min": 100,
            "max": 100
        },
        "http_req_blocked": {
            "avg": 0.5386967141610944,
            "min": 0.112,
            "med": 0.488,
            "max": 9.722,
            "p(90)": 0.753,
            "p(95)": 0.947
        },
        "http_req_failed": {
            "passes": 0,
            "fails": 10317,
            "value": 0
        }
    }
}