{
    "root_group": {
        "path": "",
        "id": "d41d8cd98f00b204e9800998ecf8427e",
        "groups": {},
        "checks": {},
        "name": ""
    },
    "metrics": {
        "http_req_receiving": {
            "med": 0.053,
            "max": 22.98,
            "p(90)": 0.315,
            "p(95)": 0.7308499999999994,
            "avg": 0.15793519000520498,
            "min": 0.012
        },
        "http_req_failed": {
            "passes": 0,
            "fails": 3842,
            "value": 0
        },
        "data_sent": {
            "count": 422620,
            "rate": 13506.979831383596
        },
        "vus_max": {
            "value": 100,
            "min": 100,
            "max": 100
        },
        "http_req_duration": {
            "avg": 791.7596993753243,
            "min": 191.279,
            "med": 918.9290000000001,
            "max": 2043.499,
            "p(90)": 1059.9043,
            "p(95)": 1104.3563
        },
        "http_req_connecting": {
            "avg": 0.06072097865694952,
            "min": 0,
            "med": 0,
            "max": 2.688,
            "p(90)": 0,
            "p(95)": 0
        },
        "data_received": {
            "count": 1183336,
            "rate": 37819.54352787407
        },
        "http_req_duration{expected_response:true}": {
            "max": 2043.499,
            "p(90)": 1059.9043,
            "p(95)": 1104.3563,
            "avg": 791.7596993753243,
            "min": 191.279,
            "med": 918.9290000000001
        },
        "vus": {
            "value": 1,
            "min": 1,
            "max": 100
        },
        "http_req_blocked": {
            "med": 0.002,
            "max": 4.663,
            "p(90)": 0.004,
            "p(95)": 0.007,
            "avg": 0.08528396668401345,
            "min": 0
        },
        "iteration_duration": {
            "max": 2043.882667,
            "p(90)": 1060.2320286000001,
            "p(95)": 1104.8196566,
            "avg": 792.162201287871,
            "min": 195.681458,
            "med": 919.305271
        },
        "http_req_tls_handshaking": {
            "min": 0,
            "med": 0,
            "max": 0,
            "p(90)": 0,
            "p(95)": 0,
            "avg": 0
        },
        "http_req_sending": {
            "med": 0.01,
            "max": 0.677,
            "p(90)": 0.017,
            "p(95)": 0.022,
            "avg": 0.011519000520562386,
            "min": 0.002
        },
        "http_req_waiting": {
            "min": 191.188,
            "med": 918.7935,
            "max": 2043.437,
            "p(90)": 1059.6563999999998,
            "p(95)": 1103.3209499999998,
            "avg": 791.5902451848012
        },
        "iterations": {
            "count": 3842,
            "rate": 122.79072573985088
        },
        "http_reqs": {
            "count": 3842,
            "rate": 122.79072573985088
        }
    }
}