{
    "root_group": {
        "name": "",
        "path": "",
        "id": "d41d8cd98f00b204e9800998ecf8427e",
        "groups": {},
        "checks": {}
    },
    "metrics": {
        "http_req_failed": {
            "passes": 0,
            "fails": 590,
            "value": 0
        },
        "http_req_connecting": {
            "p(95)": 0,
            "avg": 0.014683050847457624,
            "min": 0,
            "med": 0,
            "max": 1.147,
            "p(90)": 0
        },
        "http_req_waiting": {
            "avg": 514.577905084746,
            "min": 51.965,
            "med": 505.1785,
            "max": 1021.663,
            "p(90)": 519.2999000000001,
            "p(95)": 525.6230499999999
        },
        "http_req_sending": {
            "min": 0.002,
            "med": 0.0135,
            "max": 1.462,
            "p(90)": 0.029,
            "p(95)": 0.038,
            "avg": 0.039310169491525444
        },
        "iteration_duration": {
            "p(90)": 519.6585163999999,
            "p(95)": 525.8321375,
            "avg": 514.9553393440675,
            "min": 59.640333,
            "med": 505.43949999999995,
            "max": 1022.205709
        },
        "http_reqs": {
            "count": 590,
            "rate": 19.41563352735036
        },
        "http_req_duration": {
            "med": 505.33050000000003,
            "max": 1021.817,
            "p(90)": 519.5462,
            "p(95)": 525.72145,
            "avg": 514.729627118644,
            "min": 53.474
        },
        "http_req_tls_handshaking": {
            "med": 0,
            "max": 0,
            "p(90)": 0,
            "p(95)": 0,
            "avg": 0,
            "min": 0
        },
        "http_req_blocked": {
            "min": 0,
            "med": 0.003,
            "max": 3.983,
            "p(90)": 0.006,
            "p(95)": 0.009,
            "avg": 0.06469322033898349
        },
        "iterations": {
            "count": 590,
            "rate": 19.41563352735036
        },
        "http_req_duration{expected_response:true}": {
            "avg": 514.729627118644,
            "min": 53.474,
            "med": 505.33050000000003,
            "max": 1021.817,
            "p(90)": 519.5462,
            "p(95)": 525.72145
        },
        "data_sent": {
            "count": 64900,
            "rate": 2135.7196880085394
        },
        "vus_max": {
            "value": 10,
            "min": 10,
            "max": 10
        },
        "vus": {
            "value": 10,
            "min": 10,
            "max": 10
        },
        "data_received": {
            "count": 181720,
            "rate": 5980.015126423911
        },
        "http_req_receiving": {
            "avg": 0.11241186440677975,
            "min": 0.013,
            "med": 0.071,
            "max": 3.906,
            "p(90)": 0.19610000000000002,
            "p(95)": 0.281
        }
    }
}