{
    "metrics": {
        "iterations": {
            "count": 16440,
            "rate": 448.5503107697885
        },
        "vus_max": {
            "value": 100,
            "min": 100,
            "max": 100
        },
        "http_req_sending": {
            "avg": 0.018561861313867785,
            "min": 0,
            "med": 0.015,
            "max": 1.587,
            "p(90)": 0.03,
            "p(95)": 0.043
        },
        "http_req_connecting": {
            "p(95)": 0.226,
            "avg": 44.98468698296837,
            "min": 0,
            "med": 0.112,
            "max": 19510.869,
            "p(90)": 0.185
        },
        "http_reqs": {
            "count": 16440,
            "rate": 448.5503107697885
        },
        "http_req_duration": {
            "p(95)": 70.9442,
            "avg": 59.1522838199513,
            "min": 0,
            "med": 58.518,
            "max": 93.091,
            "p(90)": 66.5601
        },
        "http_req_blocked": {
            "p(90)": 0.223,
            "p(95)": 0.271,
            "avg": 45.0175288321168,
            "min": 0,
            "med": 0.137,
            "max": 19510.987
        },
        "http_req_duration{expected_response:true}": {
            "avg": 59.4124844819159,
            "min": 2.367,
            "med": 58.539,
            "max": 93.091,
            "p(90)": 66.5949,
            "p(95)": 70.97879999999999
        },
        "iteration_duration": {
            "p(90)": 67.515533,
            "p(95)": 72.3608024,
            "avg": 217.6960454995743,
            "min": 2.607333,
            "med": 58.8158335,
            "max": 25911.594625
        },
        "data_received": {
            "rate": 79488.65373708573,
            "count": 2913371
        },
        "http_req_receiving": {
            "med": 0.033,
            "max": 2.483,
            "p(90)": 0.073,
            "p(95)": 0.098,
            "avg": 0.04186259124087502,
            "min": 0
        },
        "vus": {
            "value": 28,
            "min": 28,
            "max": 100
        },
        "data_sent": {
            "count": 2667851,
            "rate": 72789.8658842756
        },
        "http_req_tls_handshaking": {
            "med": 0,
            "max": 0,
            "p(90)": 0,
            "p(95)": 0,
            "avg": 0,
            "min": 0
        },
        "http_req_waiting": {
            "avg": 59.09185936739646,
            "min": 0,
            "med": 58.466,
            "max": 93.047,
            "p(90)": 66.49860000000001,
            "p(95)": 70.89025
        },
        "http_req_failed": {
            "passes": 72,
            "fails": 16368,
            "value": 0.004379562043795621
        }
    },
    "root_group": {
        "checks": {},
        "name": "",
        "path": "",
        "id": "d41d8cd98f00b204e9800998ecf8427e",
        "groups": {}
    }
}