{
    "root_group": {
        "name": "",
        "path": "",
        "id": "d41d8cd98f00b204e9800998ecf8427e",
        "groups": {},
        "checks": {}
    },
    "metrics": {
        "iterations": {
            "count": 16217,
            "rate": 495.700106479085
        },
        "http_req_waiting": {
            "med": 6.84,
            "max": 63.605,
            "p(90)": 9.015,
            "p(95)": 10.577599999999999,
            "avg": 7.398938706295913,
            "min": 1.817
        },
        "data_received": {
            "count": 2875465,
            "rate": 87893.46406097812
        },
        "http_reqs": {
            "rate": 495.700106479085,
            "count": 16217
        },
        "http_req_duration": {
            "med": 6.893,
            "max": 63.735,
            "p(90)": 9.0844,
            "p(95)": 10.6692,
            "avg": 7.462572917309003,
            "min": 1.869
        },
        "http_req_tls_handshaking": {
            "max": 0,
            "p(90)": 0,
            "p(95)": 0,
            "avg": 0,
            "min": 0,
            "med": 0
        },
        "http_req_sending": {
            "p(90)": 0.024,
            "p(95)": 0.029,
            "avg": 0.01836215082937554,
            "min": 0.004,
            "med": 0.016,
            "max": 3.647
        },
        "data_sent": {
            "count": 2643274,
            "rate": 80796.15238659413
        },
        "http_req_duration{expected_response:true}": {
            "avg": 7.462572917309003,
            "min": 1.869,
            "med": 6.893,
            "max": 63.735,
            "p(90)": 9.0844,
            "p(95)": 10.6692
        },
        "http_req_receiving": {
            "avg": 0.04527206018375656,
            "min": 0.008,
            "med": 0.033,
            "max": 41.519,
            "p(90)": 0.061,
            "p(95)": 0.081
        },
        "http_req_failed": {
            "passes": 0,
            "fails": 16217,
            "value": 0
        },
        "vus": {
            "value": 10,
            "min": 10,
            "max": 10
        },
        "vus_max": {
            "max": 10,
            "value": 10,
            "min": 10
        },
        "http_req_blocked": {
            "p(90)": 0.205,
            "p(95)": 0.242,
            "avg": 12.273215021273971,
            "min": 0.051,
            "med": 0.142,
            "max": 19507.773
        },
        "http_req_connecting": {
            "min": 0.041,
            "med": 0.116,
            "max": 19507.73,
            "p(90)": 0.171,
            "p(95)": 0.2011999999999993,
            "avg": 12.244731639637415
        },
        "iteration_duration": {
            "max": 19535.719875,
            "p(90)": 9.326057800000001,
            "p(95)": 10.97680839999999,
            "avg": 19.81210751834492,
            "min": 2.087917,
            "med": 7.110041
        }
    }
}