{
    "root_group": {
        "path": "",
        "id": "d41d8cd98f00b204e9800998ecf8427e",
        "groups": {},
        "checks": {},
        "name": ""
    },
    "metrics": {
        "http_req_blocked": {
            "med": 0.107,
            "max": 19514.242,
            "p(90)": 0.213,
            "p(95)": 0.2654499999999993,
            "avg": 26.161709699119378,
            "min": 0
        },
        "data_received": {
            "count": 3236337,
            "rate": 81441.51058774088
        },
        "vus": {
            "max": 100,
            "value": 20,
            "min": 20
        },
        "data_sent": {
            "count": 1788930,
            "rate": 45017.92042538441
        },
        "iteration_duration": {
            "avg": 206.57571944795745,
            "min": 1.287125,
            "med": 37.54831299999999,
            "max": 25913.687167,
            "p(90)": 46.281146400000004,
            "p(95)": 59.78567119999998
        },
        "http_req_connecting": {
            "p(90)": 0.181,
            "p(95)": 0.23,
            "avg": 26.136316658512715,
            "min": 0,
            "med": 0.093,
            "max": 19514.107
        },
        "vus_max": {
            "value": 100,
            "min": 100,
            "max": 100
        },
        "http_req_tls_handshaking": {
            "p(95)": 0,
            "avg": 0,
            "min": 0,
            "med": 0,
            "max": 0,
            "p(90)": 0
        },
        "iterations": {
            "count": 16352,
            "rate": 411.4934820232686
        },
        "http_req_duration{expected_response:true}": {
            "p(90)": 45.4386,
            "p(95)": 56.62069999999999,
            "avg": 39.59888483059709,
            "min": 1.106,
            "med": 37.379,
            "max": 89.502
        },
        "http_req_duration": {
            "min": 0,
            "med": 37.371,
            "max": 89.502,
            "p(90)": 45.403000000000006,
            "p(95)": 56.58945,
            "avg": 39.38335763209397
        },
        "http_req_sending": {
            "avg": 0.012370902641878786,
            "min": 0,
            "med": 0.009,
            "max": 2.514,
            "p(90)": 0.018,
            "p(95)": 0.025
        },
        "http_req_receiving": {
            "med": 0.028,
            "max": 2.908,
            "p(90)": 0.058,
            "p(95)": 0.076,
            "avg": 0.033701565557728956,
            "min": 0
        },
        "http_reqs": {
            "count": 16352,
            "rate": 411.4934820232686
        },
        "http_req_waiting": {
            "med": 37.329,
            "max": 89.467,
            "p(90)": 45.352,
            "p(95)": 56.55414999999999,
            "avg": 39.33728516389415,
            "min": 0
        },
        "http_req_failed": {
            "fails": 16263,
            "passes": 89,
            "value": 0.005442759295499021
        }
    }
}