{
    "metrics": {
        "vus_max": {
            "value": 10,
            "min": 10,
            "max": 10
        },
        "http_req_blocked": {
            "p(95)": 0.275,
            "avg": 3.3925626843657817,
            "min": 0,
            "med": 0.132,
            "max": 19507.997,
            "p(90)": 0.222
        },
        "vus": {
            "min": 2,
            "max": 10,
            "value": 2
        },
        "http_req_sending": {
            "avg": 0.015265609636184892,
            "min": 0,
            "med": 0.013,
            "max": 7.913,
            "p(90)": 0.02,
            "p(95)": 0.026
        },
        "http_req_duration{expected_response:true}": {
            "max": 33.438,
            "p(90)": 4.624,
            "p(95)": 5.00085,
            "avg": 4.146472884899148,
            "min": 1.418,
            "med": 3.995
        },
        "http_req_connecting": {
            "avg": 3.3677860742379555,
            "min": 0,
            "med": 0.109,
            "max": 19507.848,
            "p(90)": 0.187,
            "p(95)": 0.231
        },
        "data_received": {
            "count": 3236536,
            "rate": 96283.79333161305
        },
        "http_reqs": {
            "count": 16272,
            "rate": 484.07614965259387
        },
        "http_req_failed": {
            "passes": 8,
            "fails": 16264,
            "value": 0.0004916420845624386
        },
        "http_req_duration": {
            "min": 0,
            "med": 3.995,
            "max": 33.438,
            "p(90)": 4.624,
            "p(95)": 5.00045,
            "avg": 4.144434304326435
        },
        "http_req_tls_handshaking": {
            "max": 0,
            "p(90)": 0,
            "p(95)": 0,
            "avg": 0,
            "min": 0,
            "med": 0
        },
        "iteration_duration": {
            "med": 4.157146,
            "max": 25911.051958,
            "p(90)": 4.8185834000000005,
            "p(95)": 5.242435749999998,
            "avg": 20.316314405666166,
            "min": 1.616167
        },
        "http_req_receiving": {
            "min": 0,
            "med": 0.03,
            "max": 17.235,
            "p(90)": 0.057,
            "p(95)": 0.072,
            "avg": 0.03645532202556474
        },
        "iterations": {
            "count": 16272,
            "rate": 484.07614965259387
        },
        "http_req_waiting": {
            "avg": 4.0927133726647025,
            "min": 0,
            "med": 3.95,
            "max": 33.326,
            "p(90)": 4.571,
            "p(95)": 4.9304499999999996
        },
        "data_sent": {
            "count": 1789040,
            "rate": 53222.19731898209
        }
    },
    "root_group": {
        "name": "",
        "path": "",
        "id": "d41d8cd98f00b204e9800998ecf8427e",
        "groups": {},
        "checks": {}
    }
}