{
    "root_group": {
        "groups": {},
        "checks": {},
        "name": "",
        "path": "",
        "id": "d41d8cd98f00b204e9800998ecf8427e"
    },
    "metrics": {
        "http_req_failed": {
            "passes": 64,
            "fails": 16402,
            "value": 0.00388679703631726
        },
        "http_req_receiving": {
            "med": 0.027,
            "max": 12.309,
            "p(90)": 0.076,
            "p(95)": 0.102,
            "avg": 0.043333596501882586,
            "min": 0
        },
        "vus": {
            "value": 2,
            "min": 2,
            "max": 100
        },
        "http_req_sending": {
            "avg": 0.018240191910602888,
            "min": 0,
            "med": 0.011,
            "max": 3.22,
            "p(90)": 0.034,
            "p(95)": 0.046
        },
        "http_req_duration": {
            "med": 48.863,
            "max": 195.388,
            "p(90)": 67.992,
            "p(95)": 75.70025,
            "avg": 50.37970788290984,
            "min": 0
        },
        "http_req_duration{expected_response:true}": {
            "max": 195.388,
            "p(90)": 68.0343,
            "p(95)": 75.72874999999999,
            "avg": 50.57628764784743,
            "min": 0.748,
            "med": 48.916
        },
        "iterations": {
            "count": 3301,
            "rate": 81.43469328613261
        },
        "data_received": {
            "count": 3802093,
            "rate": 93796.50933061249
        },
        "vus_max": {
            "value": 100,
            "min": 100,
            "max": 100
        },
        "http_req_waiting": {
            "avg": 50.31813409449764,
            "min": 0,
            "med": 48.8065,
            "max": 195.34,
            "p(90)": 67.9295,
            "p(95)": 75.642
        },
        "data_sent": {
            "count": 2690273,
            "rate": 66368.23890062522
        },
        "iteration_duration": {
            "max": 33051.490292,
            "p(90)": 302.999875,
            "p(95)": 499.304084,
            "avg": 1082.2165837406844,
            "min": 150.999959,
            "med": 246.482667
        },
        "http_reqs": {
            "count": 16466,
            "rate": 406.2113479701483
        },
        "http_req_connecting": {
            "avg": 65.40479825094135,
            "min": 0,
            "med": 0.096,
            "max": 19686.085,
            "p(90)": 0.178,
            "p(95)": 0.22
        },
        "http_req_tls_handshaking": {
            "min": 0,
            "med": 0,
            "max": 0,
            "p(90)": 0,
            "p(95)": 0,
            "avg": 0
        },
        "http_req_blocked": {
            "avg": 65.43267654560917,
            "min": 0,
            "med": 0.116,
            "max": 19686.191,
            "p(90)": 0.217,
            "p(95)": 0.265
        }
    }
}