{
    "root_group": {
        "id": "d41d8cd98f00b204e9800998ecf8427e",
        "groups": {},
        "checks": {},
        "name": "",
        "path": ""
    },
    "metrics": {
        "iteration_duration": {
            "med": 30.6548965,
            "max": 26255.676625,
            "p(90)": 37.7543622,
            "p(95)": 40.598539949999996,
            "avg": 110.343085202952,
            "min": 22.72625
        },
        "http_reqs": {
            "count": 16260,
            "rate": 444.0736123293624
        },
        "http_req_blocked": {
            "avg": 4.691852152521523,
            "min": 0,
            "med": 0.138,
            "max": 19515.226,
            "p(90)": 0.212,
            "p(95)": 0.254
        },
        "http_req_tls_handshaking": {
            "avg": 0,
            "min": 0,
            "med": 0,
            "max": 0,
            "p(90)": 0,
            "p(95)": 0
        },
        "http_req_receiving": {
            "max": 9.44,
            "p(90)": 0.07,
            "p(95)": 0.092,
            "avg": 0.044443296432963304,
            "min": 0,
            "med": 0.034
        },
        "vus": {
            "min": 9,
            "max": 10,
            "value": 9
        },
        "http_req_duration": {
            "max": 38.722,
            "p(90)": 8.6401,
            "p(95)": 9.845,
            "avg": 6.170345510455091,
            "min": 0,
            "med": 5.9025
        },
        "http_req_waiting": {
            "avg": 6.107139052890531,
            "min": 0,
            "med": 5.8485,
            "max": 38.616,
            "p(90)": 8.57,
            "p(95)": 9.767399999999993
        },
        "vus_max": {
            "value": 10,
            "min": 10,
            "max": 10
        },
        "data_sent": {
            "count": 2665605,
            "rate": 72799.80574373985
        },
        "http_req_connecting": {
            "avg": 4.665252952029521,
            "min": 0,
            "med": 0.114,
            "max": 19515.103,
            "p(90)": 0.175,
            "p(95)": 0.211
        },
        "http_req_sending": {
            "p(90)": 0.026,
            "p(95)": 0.035,
            "avg": 0.01876316113161046,
            "min": 0,
            "med": 0.015,
            "max": 2.062
        },
        "iterations": {
            "count": 3252,
            "rate": 88.81472246587248
        },
        "http_req_duration{expected_response:true}": {
            "avg": 6.173003014828018,
            "min": 0.449,
            "med": 5.903,
            "max": 38.722,
            "p(90)": 8.6408,
            "p(95)": 9.845
        },
        "http_req_failed": {
            "passes": 7,
            "fails": 16253,
            "value": 0.00043050430504305045
        },
        "data_received": {
            "rate": 102812.24499393713,
            "count": 3764527
        }
    }
}