{
    "root_group": {
        "id": "d41d8cd98f00b204e9800998ecf8427e",
        "groups": {},
        "checks": {},
        "name": "",
        "path": ""
    },
    "metrics": {
        "http_req_tls_handshaking": {
            "min": 0,
            "med": 0,
            "max": 0,
            "p(90)": 0,
            "p(95)": 0,
            "avg": 0
        },
        "http_req_failed": {
            "fails": 10468,
            "passes": 0,
            "value": 0
        },
        "http_req_waiting": {
            "p(95)": 347.33615,
            "avg": 288.0446900076437,
            "min": 132.891,
            "med": 283.1495,
            "max": 558.693,
            "p(90)": 334.478
        },
        "http_reqs": {
            "count": 10468,
            "rate": 345.9370571688416
        },
        "http_req_connecting": {
            "avg": 0.021346771111960254,
            "min": 0,
            "med": 0,
            "max": 2.569,
            "p(90)": 0,
            "p(95)": 0
        },
        "http_req_duration{expected_response:true}": {
            "avg": 288.2347899312183,
            "min": 132.941,
            "med": 283.337,
            "max": 558.722,
            "p(90)": 334.56350000000003,
            "p(95)": 347.42275
        },
        "http_req_blocked": {
            "avg": 0.027118169659914,
            "min": 0,
            "med": 0.002,
            "max": 3.998,
            "p(90)": 0.004,
            "p(95)": 0.005
        },
        "http_req_duration": {
            "min": 132.941,
            "med": 283.337,
            "max": 558.722,
            "p(90)": 334.56350000000003,
            "p(95)": 347.42275,
            "avg": 288.2347899312183
        },
        "http_req_receiving": {
            "p(90)": 0.281,
            "p(95)": 0.5326499999999995,
            "avg": 0.1739987581199845,
            "min": 0.01,
            "med": 0.057,
            "max": 70.01
        },
        "http_req_sending": {
            "p(90)": 0.024,
            "p(95)": 0.027,
            "avg": 0.016101165456629464,
            "min": 0.002,
            "med": 0.013,
            "max": 3.063
        },
        "vus": {
            "max": 100,
            "value": 100,
            "min": 100
        },
        "iteration_duration": {
            "avg": 288.3867451632592,
            "min": 133.103042,
            "med": 283.4653745,
            "max": 562.43925,
            "p(90)": 334.6388002,
            "p(95)": 347.57588124999995
        },
        "iterations": {
            "count": 10468,
            "rate": 345.9370571688416
        },
        "data_received": {
            "count": 3056586,
            "rate": 101011.30739620567
        },
        "vus_max": {
            "value": 100,
            "min": 100,
            "max": 100
        },
        "data_sent": {
            "count": 1706214,
            "rate": 56385.427021425094
        }
    }
}