{
    "metrics": {
        "http_req_connecting": {
            "avg": 0.0005486586421209975,
            "min": 0,
            "med": 0,
            "max": 0.753,
            "p(90)": 0,
            "p(95)": 0
        },
        "http_req_waiting": {
            "avg": 23.38150428762495,
            "min": 12.354,
            "med": 21.297,
            "max": 129.487,
            "p(90)": 31.407,
            "p(95)": 36.132999999999996
        },
        "http_reqs": {
            "rate": 423.40052880597557,
            "count": 12711
        },
        "vus": {
            "min": 10,
            "max": 10,
            "value": 10
        },
        "http_req_failed": {
            "passes": 0,
            "fails": 12711,
            "value": 0
        },
        "iteration_duration": {
            "avg": 23.59790569333657,
            "min": 12.624166,
            "med": 21.50275,
            "max": 133.199292,
            "p(90)": 31.652291,
            "p(95)": 36.3128125
        },
        "http_req_duration": {
            "avg": 23.46860317834956,
            "min": 12.509,
            "med": 21.379,
            "max": 129.944,
            "p(90)": 31.518,
            "p(95)": 36.189499999999995
        },
        "data_received": {
            "count": 3700446,
            "rate": 123261.01748233475
        },
        "http_req_duration{expected_response:true}": {
            "avg": 23.46860317834956,
            "min": 12.509,
            "med": 21.379,
            "max": 129.944,
            "p(90)": 31.518,
            "p(95)": 36.189499999999995
        },
        "http_req_blocked": {
            "p(95)": 0.004,
            "avg": 0.003837935646290928,
            "min": 0,
            "med": 0.002,
            "max": 1.857,
            "p(90)": 0.003
        },
        "http_req_sending": {
            "p(90)": 0.021,
            "p(95)": 0.025,
            "avg": 0.01639233734560558,
            "min": 0.003,
            "med": 0.014,
            "max": 6.514
        },
        "iterations": {
            "rate": 423.40052880597557,
            "count": 12711
        },
        "http_req_tls_handshaking": {
            "avg": 0,
            "min": 0,
            "med": 0,
            "max": 0,
            "p(90)": 0,
            "p(95)": 0
        },
        "http_req_receiving": {
            "p(95)": 0.164,
            "avg": 0.07070655337896281,
            "min": 0.012,
            "med": 0.055,
            "max": 5.909,
            "p(90)": 0.115
        },
        "vus_max": {
            "value": 10,
            "min": 10,
            "max": 10
        },
        "data_sent": {
            "count": 2071794,
            "rate": 69010.98852781428
        }
    },
    "root_group": {
        "id": "d41d8cd98f00b204e9800998ecf8427e",
        "groups": {},
        "checks": {},
        "name": "",
        "path": ""
    }
}