{
    "metrics": {
        "http_req_duration": {
            "min": 3.85,
            "med": 23.7715,
            "max": 285.096,
            "p(90)": 34.0589,
            "p(95)": 42.547,
            "avg": 24.564846045220637
        },
        "iterations": {
            "count": 121802,
            "rate": 4057.56761077519
        },
        "vus": {
            "value": 100,
            "min": 100,
            "max": 100
        },
        "http_req_blocked": {
            "avg": 0.00429872251685564,
            "min": 0,
            "med": 0.001,
            "max": 6.914,
            "p(90)": 0.002,
            "p(95)": 0.002
        },
        "http_req_tls_handshaking": {
            "max": 0,
            "p(90)": 0,
            "p(95)": 0,
            "avg": 0,
            "min": 0,
            "med": 0
        },
        "vus_max": {
            "value": 100,
            "min": 100,
            "max": 100
        },
        "http_req_sending": {
            "min": -0.05,
            "med": 0.005,
            "max": 8.452,
            "p(90)": 0.008,
            "p(95)": 0.01,
            "avg": 0.007049178174414891
        },
        "data_received": {
            "count": 21680756,
            "rate": 722247.0347179838
        },
        "http_req_duration{expected_response:true}": {
            "avg": 24.564846045220637,
            "min": 3.85,
            "med": 23.7715,
            "max": 285.096,
            "p(90)": 34.0589,
            "p(95)": 42.547
        },
        "http_req_waiting": {
            "avg": 24.53479176039809,
            "min": 3.836,
            "med": 23.743,
            "max": 285.081,
            "p(90)": 34.025,
            "p(95)": 42.514
        },
        "http_req_receiving": {
            "avg": 0.023005106648487435,
            "min": 0.004,
            "med": 0.014,
            "max": 14.574,
            "p(90)": 0.027,
            "p(95)": 0.04
        },
        "iteration_duration": {
            "min": 3.869458,
            "med": 23.8330005,
            "max": 291.255542,
            "p(90)": 34.116975,
            "p(95)": 42.6072899,
            "avg": 24.62777779538921
        },
        "http_reqs": {
            "count": 121802,
            "rate": 4057.56761077519
        },
        "http_req_connecting": {
            "avg": 0.0019302146105975272,
            "min": 0,
            "med": 0,
            "max": 2.721,
            "p(90)": 0,
            "p(95)": 0
        },
        "http_req_failed": {
            "passes": 0,
            "fails": 121802,
            "value": 0
        },
        "data_sent": {
            "count": 13398220,
            "rate": 446332.4371852709
        }
    },
    "root_group": {
        "path": "",
        "id": "d41d8cd98f00b204e9800998ecf8427e",
        "groups": {},
        "checks": {},
        "name": ""
    }
}