{
    "root_group": {
        "groups": {},
        "checks": {},
        "name": "",
        "path": "",
        "id": "d41d8cd98f00b204e9800998ecf8427e"
    },
    "metrics": {
        "iterations": {
            "count": 113067,
            "rate": 3768.71131318692
        },
        "http_req_connecting": {
            "min": 0,
            "med": 0,
            "max": 0.666,
            "p(90)": 0,
            "p(95)": 0,
            "avg": 0.00005509122909425384
        },
        "http_req_duration": {
            "med": 2.5,
            "max": 39.726,
            "p(90)": 3.372,
            "p(95)": 3.69,
            "avg": 2.6175204613193905,
            "min": 0.753
        },
        "http_req_failed": {
            "fails": 113067,
            "passes": 0,
            "value": 0
        },
        "http_req_duration{expected_response:true}": {
            "max": 39.726,
            "p(90)": 3.372,
            "p(95)": 3.69,
            "avg": 2.6175204613193905,
            "min": 0.753,
            "med": 2.5
        },
        "http_req_sending": {
            "max": 3.061,
            "p(90)": 0.007,
            "p(95)": 0.009,
            "avg": 0.0040736554432326275,
            "min": 0.001,
            "med": 0.003
        },
        "http_req_receiving": {
            "avg": 0.014268150742481849,
            "min": 0.003,
            "med": 0.01,
            "max": 3.474,
            "p(90)": 0.022,
            "p(95)": 0.028
        },
        "http_reqs": {
            "count": 113067,
            "rate": 3768.71131318692
        },
        "vus": {
            "min": 10,
            "max": 10,
            "value": 10
        },
        "data_sent": {
            "count": 12437370,
            "rate": 414558.2444505612
        },
        "http_req_blocked": {
            "avg": 0.0011041594806629265,
            "min": 0,
            "med": 0.001,
            "max": 1.976,
            "p(90)": 0.002,
            "p(95)": 0.002
        },
        "http_req_tls_handshaking": {
            "avg": 0,
            "min": 0,
            "med": 0,
            "max": 0,
            "p(90)": 0,
            "p(95)": 0
        },
        "data_received": {
            "count": 20125926,
            "rate": 670830.6137472717
        },
        "iteration_duration": {
            "max": 39.949708,
            "p(90)": 3.4000752000000003,
            "p(95)": 3.7183917999999996,
            "avg": 2.648763723296838,
            "min": 0.771375,
            "med": 2.529417
        },
        "http_req_waiting": {
            "avg": 2.59917865513367,
            "min": 0.73,
            "med": 2.483,
            "max": 39.665,
            "p(90)": 3.354,
            "p(95)": 3.673
        },
        "vus_max": {
            "value": 10,
            "min": 10,
            "max": 10
        }
    }
}