{
    "root_group": {
        "name": "",
        "path": "",
        "id": "d41d8cd98f00b204e9800998ecf8427e",
        "groups": {},
        "checks": {}
    },
    "metrics": {
        "http_req_blocked": {
            "avg": 0.17043960149439172,
            "min": 0,
            "med": 0.002,
            "max": 6.076,
            "p(90)": 0.007,
            "p(95)": 0.786249999999999
        },
        "http_req_connecting": {
            "p(95)": 0.33199999999999774,
            "avg": 0.062244084682440866,
            "min": 0,
            "med": 0,
            "max": 3.115,
            "p(90)": 0
        },
        "http_req_duration": {
            "p(95)": 2583.0375,
            "avg": 1919.864303237858,
            "min": 158.528,
            "med": 2022.7815,
            "max": 3962.489,
            "p(90)": 2547.905
        },
        "http_req_waiting": {
            "med": 2022.6665,
            "max": 3962.405,
            "p(90)": 2547.7735000000002,
            "p(95)": 2582.9995,
            "avg": 1919.6777851805757,
            "min": 158.182
        },
        "data_sent": {
            "count": 256955,
            "rate": 7958.477101402807
        },
        "data_received": {
            "count": 502673,
            "rate": 15568.918915737982
        },
        "vus": {
            "value": 1,
            "min": 1,
            "max": 100
        },
        "http_req_tls_handshaking": {
            "max": 0,
            "p(90)": 0,
            "p(95)": 0,
            "avg": 0,
            "min": 0,
            "med": 0
        },
        "http_req_receiving": {
            "max": 8.198,
            "p(90)": 0.246,
            "p(95)": 0.423,
            "avg": 0.11495143212951439,
            "min": 0.009,
            "med": 0.052
        },
        "http_req_failed": {
            "passes": 0,
            "fails": 1606,
            "value": 0
        },
        "http_req_duration{expected_response:true}": {
            "max": 3962.489,
            "p(90)": 2547.905,
            "p(95)": 2583.0375,
            "avg": 1919.864303237858,
            "min": 158.528,
            "med": 2022.7815
        },
        "vus_max": {
            "value": 100,
            "min": 100,
            "max": 100
        },
        "http_req_sending": {
            "p(90)": 0.03,
            "p(95)": 0.07724999999999922,
            "avg": 0.07156662515566689,
            "min": 0.003,
            "med": 0.012,
            "max": 2.667
        },
        "iterations": {
            "count": 1606,
            "rate": 49.74144976689657
        },
        "iteration_duration": {
            "med": 2022.9016875,
            "max": 3962.566667,
            "p(90)": 2548.0042085,
            "p(95)": 2583.12172875,
            "avg": 1920.1609634003748,
            "min": 159.113917
        },
        "http_reqs": {
            "count": 1606,
            "rate": 49.74144976689657
        }
    }
}