{
    "root_group": {
        "checks": {},
        "name": "",
        "path": "",
        "id": "d41d8cd98f00b204e9800998ecf8427e",
        "groups": {}
    },
    "metrics": {
        "vus_max": {
            "value": 10,
            "min": 10,
            "max": 10
        },
        "http_req_waiting": {
            "p(90)": 1529.342,
            "p(95)": 1536.979,
            "avg": 1149.6980451127822,
            "min": 249.202,
            "med": 1045.789,
            "max": 2036.55
        },
        "http_reqs": {
            "count": 266,
            "rate": 8.692069075154048
        },
        "vus": {
            "max": 10,
            "value": 10,
            "min": 10
        },
        "http_req_duration{expected_response:true}": {
            "min": 249.688,
            "med": 1046.0005,
            "max": 2036.702,
            "p(90)": 1529.4575,
            "p(95)": 1537.51,
            "avg": 1149.8676879699242
        },
        "data_sent": {
            "rate": 1390.6330211704167,
            "count": 42557
        },
        "http_req_receiving": {
            "p(95)": 0.3627499999999999,
            "avg": 0.1340112781954887,
            "min": 0.011,
            "med": 0.08549999999999999,
            "max": 1.368,
            "p(90)": 0.256
        },
        "http_req_tls_handshaking": {
            "max": 0,
            "p(90)": 0,
            "p(95)": 0,
            "avg": 0,
            "min": 0,
            "med": 0
        },
        "http_req_connecting": {
            "p(90)": 0,
            "p(95)": 0,
            "avg": 0.017436090225563913,
            "min": 0,
            "med": 0,
            "max": 0.526
        },
        "http_req_sending": {
            "max": 0.354,
            "p(90)": 0.051500000000000004,
            "p(95)": 0.09274999999999994,
            "avg": 0.03563157894736839,
            "min": 0.005,
            "med": 0.021
        },
        "iteration_duration": {
            "max": 2036.916625,
            "p(90)": 1529.6725415,
            "p(95)": 1537.7255205,
            "avg": 1150.1711898308267,
            "min": 251.992,
            "med": 1046.2633335
        },
        "http_req_blocked": {
            "min": 0,
            "med": 0.003,
            "max": 0.797,
            "p(90)": 0.009,
            "p(95)": 0.020999999999999904,
            "avg": 0.03223308270676687
        },
        "data_received": {
            "rate": 2720.519589668986,
            "count": 83255
        },
        "http_req_duration": {
            "avg": 1149.8676879699242,
            "min": 249.688,
            "med": 1046.0005,
            "max": 2036.702,
            "p(90)": 1529.4575,
            "p(95)": 1537.51
        },
        "http_req_failed": {
            "passes": 0,
            "fails": 266,
            "value": 0
        },
        "iterations": {
            "count": 266,
            "rate": 8.692069075154048
        }
    }
}