{
    "metrics": {
        "http_req_tls_handshaking": {
            "avg": 0,
            "min": 0,
            "med": 0,
            "max": 0,
            "p(90)": 0,
            "p(95)": 0
        },
        "http_req_sending": {
            "p(90)": 0.04950000000000001,
            "p(95)": 0.0752499999999998,
            "avg": 0.03219047619047617,
            "min": 0.003,
            "med": 0.018,
            "max": 0.613
        },
        "iterations": {
            "count": 336,
            "rate": 10.843985451244377
        },
        "http_req_failed": {
            "fails": 336,
            "passes": 0,
            "value": 0
        },
        "http_reqs": {
            "count": 336,
            "rate": 10.843985451244377
        },
        "http_req_duration": {
            "avg": 920.2937202380953,
            "min": 21.126,
            "med": 1007.8420000000001,
            "max": 1536.775,
            "p(90)": 1026.622,
            "p(95)": 1041.53525
        },
        "data_sent": {
            "count": 61485,
            "rate": 1984.352516279049
        },
        "vus": {
            "value": 10,
            "min": 10,
            "max": 10
        },
        "http_req_receiving": {
            "med": 0.0725,
            "max": 3.771,
            "p(90)": 0.19350000000000003,
            "p(95)": 0.25974999999999965,
            "avg": 0.13175297619047618,
            "min": 0.012
        },
        "http_req_connecting": {
            "max": 0.472,
            "p(90)": 0,
            "p(95)": 0,
            "avg": 0.012416666666666668,
            "min": 0,
            "med": 0
        },
        "http_req_waiting": {
            "p(95)": 1041.461,
            "avg": 920.1297767857134,
            "min": 21.1,
            "med": 1007.6255,
            "max": 1536.479,
            "p(90)": 1026.554
        },
        "http_req_duration{expected_response:true}": {
            "med": 1007.8420000000001,
            "max": 1536.775,
            "p(90)": 1026.622,
            "p(95)": 1041.53525,
            "avg": 920.2937202380953,
            "min": 21.126
        },
        "http_req_blocked": {
            "avg": 0.022303571428571357,
            "min": 0,
            "med": 0.003,
            "max": 0.697,
            "p(90)": 0.008500000000000008,
            "p(95)": 0.01149999999999997
        },
        "iteration_duration": {
            "avg": 920.4862428839284,
            "min": 21.16525,
            "med": 1008.0754165,
            "max": 1536.876917,
            "p(90)": 1026.8182085,
            "p(95)": 1041.64366675
        },
        "data_received": {
            "rate": 3339.850697684596,
            "count": 103485
        },
        "vus_max": {
            "value": 10,
            "min": 10,
            "max": 10
        }
    },
    "root_group": {
        "path": "",
        "id": "d41d8cd98f00b204e9800998ecf8427e",
        "groups": {},
        "checks": {},
        "name": ""
    }
}