{
    "root_group": {
        "name": "",
        "path": "",
        "id": "d41d8cd98f00b204e9800998ecf8427e",
        "groups": {},
        "checks": {}
    },
    "metrics": {
        "data_sent": {
            "count": 430580,
            "rate": 13527.935195604303
        },
        "http_req_blocked": {
            "p(90)": 0.005,
            "p(95)": 0.014,
            "avg": 0.08036634084148102,
            "min": 0,
            "med": 0.002,
            "max": 4.266
        },
        "vus_max": {
            "value": 100,
            "min": 100,
            "max": 100
        },
        "data_received": {
            "count": 724705,
            "rate": 22768.735835223226
        },
        "iteration_duration": {
            "max": 2554.218125,
            "p(90)": 1889.1521082000008,
            "p(95)": 2011.671558,
            "avg": 1307.7225079855525,
            "min": 238.041417,
            "med": 1431.219375
        },
        "iterations": {
            "count": 2353,
            "rate": 73.92640511695139
        },
        "http_req_receiving": {
            "med": 0.06,
            "max": 45.752,
            "p(90)": 0.4932000000000002,
            "p(95)": 0.7247999999999992,
            "avg": 0.17825881852953682,
            "min": 0.008
        },
        "http_req_waiting": {
            "med": 1430.57,
            "max": 2553.556,
            "p(90)": 1888.9310000000007,
            "p(95)": 2011.4758,
            "avg": 1307.2829485762854,
            "min": 235.767
        },
        "http_req_duration{expected_response:true}": {
            "med": 1431.114,
            "max": 2554.124,
            "p(90)": 1889.0224000000007,
            "p(95)": 2011.5706,
            "avg": 1307.5099171270715,
            "min": 237.364
        },
        "http_req_tls_handshaking": {
            "avg": 0,
            "min": 0,
            "med": 0,
            "max": 0,
            "p(90)": 0,
            "p(95)": 0
        },
        "http_req_failed": {
            "passes": 0,
            "fails": 2353,
            "value": 0
        },
        "vus": {
            "value": 32,
            "min": 32,
            "max": 100
        },
        "http_reqs": {
            "count": 2353,
            "rate": 73.92640511695139
        },
        "http_req_sending": {
            "avg": 0.04870973225669412,
            "min": 0.002,
            "med": 0.013,
            "max": 2.476,
            "p(90)": 0.027800000000000054,
            "p(95)": 0.044
        },
        "http_req_connecting": {
            "avg": 0.035943901402464944,
            "min": 0,
            "med": 0,
            "max": 3.104,
            "p(90)": 0,
            "p(95)": 0
        },
        "http_req_duration": {
            "min": 237.364,
            "med": 1431.114,
            "max": 2554.124,
            "p(90)": 1889.0224000000007,
            "p(95)": 2011.5706,
            "avg": 1307.5099171270715
        }
    }
}