{
    "metrics": {
        "http_req_sending": {
            "p(95)": 0.024,
            "avg": 0.01109832407584346,
            "min": 0.001,
            "med": 0.008,
            "max": 7.717,
            "p(90)": 0.018
        },
        "vus": {
            "value": 1,
            "min": 1,
            "max": 99
        },
        "vus_max": {
            "value": 100,
            "min": 100,
            "max": 100
        },
        "http_req_connecting": {
            "max": 1.266,
            "p(90)": 0,
            "p(95)": 0,
            "avg": 0.00032448764604481897,
            "min": 0,
            "med": 0
        },
        "http_req_blocked": {
            "min": 0,
            "med": 0.002,
            "max": 1.425,
            "p(90)": 0.003,
            "p(95)": 0.004,
            "avg": 0.0024583987741839306
        },
        "data_received": {
            "count": 15934003,
            "rate": 113810.12787237577
        },
        "http_req_duration{expected_response:true}": {
            "avg": 63.87331005554416,
            "min": 0.16,
            "med": 64.0715,
            "max": 278.269,
            "p(90)": 113.8351,
            "p(95)": 123.11505
        },
        "http_req_receiving": {
            "max": 16.947,
            "p(90)": 0.055,
            "p(95)": 0.075,
            "avg": 0.03244403371001269,
            "min": 0.004,
            "med": 0.022
        },
        "iteration_duration": {
            "avg": 319.8074725009113,
            "min": 7.539875,
            "med": 319.3572705,
            "max": 894.351709,
            "p(90)": 481.4831501,
            "p(95)": 521.8131651499998
        },
        "iterations": {
            "count": 20884,
            "rate": 149.1659509846142
        },
        "http_req_duration": {
            "max": 278.269,
            "p(90)": 113.8351,
            "p(95)": 123.11505,
            "avg": 63.87331005554416,
            "min": 0.16,
            "med": 64.0715
        },
        "http_req_failed": {
            "passes": 0,
            "fails": 104420,
            "value": 0
        },
        "http_reqs": {
            "count": 104420,
            "rate": 745.8297549230709
        },
        "data_sent": {
            "count": 17124391,
            "rate": 122312.58707849878
        },
        "http_req_tls_handshaking": {
            "med": 0,
            "max": 0,
            "p(90)": 0,
            "p(95)": 0,
            "avg": 0,
            "min": 0
        },
        "http_req_waiting": {
            "max": 278.237,
            "p(90)": 113.7981,
            "p(95)": 123.07505,
            "avg": 63.82976769775968,
            "min": 0.135,
            "med": 64.0275
        }
    },
    "root_group": {
        "name": "",
        "path": "",
        "id": "d41d8cd98f00b204e9800998ecf8427e",
        "groups": {},
        "checks": {}
    }
}