{
    "root_group": {
        "name": "",
        "path": "",
        "id": "d41d8cd98f00b204e9800998ecf8427e",
        "groups": {},
        "checks": {}
    },
    "metrics": {
        "vus": {
            "value": 1,
            "min": 1,
            "max": 100
        },
        "http_req_failed": {
            "passes": 70,
            "fails": 16373,
            "value": 0.004257130693912303
        },
        "vus_max": {
            "value": 100,
            "min": 100,
            "max": 100
        },
        "http_req_blocked": {
            "avg": 48.620713373472,
            "min": 0,
            "med": 0.1,
            "max": 19512.035,
            "p(90)": 0.185,
            "p(95)": 0.227
        },
        "data_received": {
            "count": 2914394,
            "rate": 74205.76069489164
        },
        "http_req_duration{expected_response:true}": {
            "p(95)": 56.905999999999985,
            "avg": 38.412631466438654,
            "min": 1.381,
            "med": 36.672,
            "max": 101.497,
            "p(90)": 43.1178
        },
        "http_req_receiving": {
            "avg": 0.03715532445417402,
            "min": 0,
            "med": 0.021,
            "max": 4.544,
            "p(90)": 0.068,
            "p(95)": 0.092
        },
        "http_req_tls_handshaking": {
            "avg": 0,
            "min": 0,
            "med": 0,
            "max": 0,
            "p(90)": 0,
            "p(95)": 0
        },
        "data_sent": {
            "count": 1539062,
            "rate": 39187.3118276394
        },
        "http_req_sending": {
            "avg": 0.013619959861339131,
            "min": 0,
            "med": 0.008,
            "max": 2.522,
            "p(90)": 0.026,
            "p(95)": 0.035
        },
        "http_req_connecting": {
            "med": 0.085,
            "max": 19511.997,
            "p(90)": 0.154,
            "p(95)": 0.187,
            "avg": 48.5966509152831,
            "min": 0
        },
        "iteration_duration": {
            "max": 25913.438,
            "p(90)": 43.655900200000005,
            "p(95)": 57.924795799999984,
            "avg": 197.18352895463119,
            "min": 1.53125,
            "med": 36.8445
        },
        "iterations": {
            "count": 16443,
            "rate": 418.6686230846286
        },
        "http_req_waiting": {
            "med": 36.619,
            "max": 101.466,
            "p(90)": 43.0586,
            "p(95)": 56.8337,
            "avg": 38.19832858967339,
            "min": 0
        },
        "http_reqs": {
            "count": 16443,
            "rate": 418.6686230846286
        },
        "http_req_duration": {
            "max": 101.497,
            "p(90)": 43.1038,
            "p(95)": 56.8848,
            "avg": 38.249103873988936,
            "min": 0,
            "med": 36.663
        }
    }
}