{
    "root_group": {
        "name": "",
        "path": "",
        "id": "d41d8cd98f00b204e9800998ecf8427e",
        "groups": {},
        "checks": {}
    },
    "metrics": {
        "iteration_duration": {
            "avg": 27.88668101752132,
            "min": 1.58,
            "med": 4.761479,
            "max": 19516.499125,
            "p(90)": 5.888671400000001,
            "p(95)": 6.711910699999999
        },
        "http_req_connecting": {
            "avg": 23.030812489953387,
            "min": 0.04,
            "med": 0.099,
            "max": 19506.846,
            "p(90)": 0.159,
            "p(95)": 0.195
        },
        "http_req_sending": {
            "p(90)": 0.02,
            "p(95)": 0.03,
            "avg": 0.013514226008680484,
            "min": 0.003,
            "med": 0.009,
            "max": 3.56
        },
        "http_req_failed": {
            "passes": 0,
            "fails": 12442,
            "value": 0
        },
        "vus": {
            "min": 1,
            "max": 10,
            "value": 1
        },
        "http_req_duration": {
            "avg": 4.801594598939066,
            "min": 1.374,
            "med": 4.617,
            "max": 34.896,
            "p(90)": 5.728,
            "p(95)": 6.526849999999999
        },
        "http_req_waiting": {
            "min": 1.324,
            "med": 4.569,
            "max": 34.532,
            "p(90)": 5.6769,
            "p(95)": 6.456949999999999,
            "avg": 4.749876225687194
        },
        "http_req_receiving": {
            "min": 0.007,
            "med": 0.029,
            "max": 2.698,
            "p(90)": 0.072,
            "p(95)": 0.093,
            "avg": 0.03820414724320762
        },
        "data_sent": {
            "count": 1144664,
            "rate": 29425.243956748596
        },
        "data_received": {
            "rate": 56291.771047692964,
            "count": 2189792
        },
        "iterations": {
            "count": 12442,
            "rate": 319.8396082255282
        },
        "http_reqs": {
            "count": 12442,
            "rate": 319.8396082255282
        },
        "http_req_blocked": {
            "avg": 23.05190499919628,
            "min": 0.049,
            "med": 0.116,
            "max": 19506.889,
            "p(90)": 0.189,
            "p(95)": 0.233
        },
        "http_req_tls_handshaking": {
            "avg": 0,
            "min": 0,
            "med": 0,
            "max": 0,
            "p(90)": 0,
            "p(95)": 0
        },
        "vus_max": {
            "value": 10,
            "min": 10,
            "max": 10
        },
        "http_req_duration{expected_response:true}": {
            "avg": 4.801594598939066,
            "min": 1.374,
            "med": 4.617,
            "max": 34.896,
            "p(90)": 5.728,
            "p(95)": 6.526849999999999
        }
    }
}