{
    "root_group": {
        "groups": {},
        "checks": {},
        "name": "",
        "path": "",
        "id": "d41d8cd98f00b204e9800998ecf8427e"
    },
    "metrics": {
        "http_req_duration": {
            "avg": 921.3389215116276,
            "min": 14.786,
            "med": 1008.9770000000001,
            "max": 2526.971,
            "p(90)": 1516.3026,
            "p(95)": 1523.58835
        },
        "http_reqs": {
            "rate": 10.248472121131936,
            "count": 344
        },
        "http_req_sending": {
            "max": 0.242,
            "p(90)": 0.049,
            "p(95)": 0.06084999999999998,
            "avg": 0.026465116279069733,
            "min": 0.003,
            "med": 0.018
        },
        "iterations": {
            "count": 86,
            "rate": 2.562118030282984
        },
        "http_req_tls_handshaking": {
            "max": 0,
            "p(90)": 0,
            "p(95)": 0,
            "avg": 0,
            "min": 0,
            "med": 0
        },
        "http_req_waiting": {
            "p(95)": 1523.4792499999999,
            "avg": 921.1904389534888,
            "min": 14.772,
            "med": 1008.904,
            "max": 2526.841,
            "p(90)": 1516.2273
        },
        "http_req_blocked": {
            "min": 0,
            "med": 0.003,
            "max": 1.392,
            "p(90)": 0.009,
            "p(95)": 0.012699999999999968,
            "avg": 0.0438604651162792
        },
        "vus": {
            "value": 3,
            "min": 3,
            "max": 10
        },
        "data_sent": {
            "count": 56929,
            "rate": 1696.0327598369768
        },
        "http_req_connecting": {
            "med": 0,
            "max": 0.478,
            "p(90)": 0,
            "p(95)": 0,
            "avg": 0.012616279069767441,
            "min": 0
        },
        "http_req_receiving": {
            "avg": 0.12201744186046509,
            "min": 0.009,
            "med": 0.0795,
            "max": 1.972,
            "p(90)": 0.2071,
            "p(95)": 0.32484999999999997
        },
        "iteration_duration": {
            "avg": 3686.500535360467,
            "min": 2189.612958,
            "med": 4036.2385004999996,
            "max": 5062.9045,
            "p(90)": 4310.525833000001,
            "p(95)": 4556.5952605
        },
        "data_received": {
            "rate": 3135.9430928560137,
            "count": 105261
        },
        "http_req_duration{expected_response:true}": {
            "max": 2526.971,
            "p(90)": 1516.3026,
            "p(95)": 1523.58835,
            "avg": 921.3389215116276,
            "min": 14.786,
            "med": 1008.9770000000001
        },
        "http_req_failed": {
            "passes": 0,
            "fails": 344,
            "value": 0
        },
        "vus_max": {
            "value": 10,
            "min": 10,
            "max": 10
        }
    }
}