{
    "root_group": {
        "name": "",
        "path": "",
        "id": "d41d8cd98f00b204e9800998ecf8427e",
        "groups": {},
        "checks": {}
    },
    "metrics": {
        "iterations": {
            "count": 600,
            "rate": 17.02012260728989
        },
        "iteration_duration": {
            "avg": 5412.433606754995,
            "min": 2795.701875,
            "med": 5528.2583545,
            "max": 7588.457083,
            "p(90)": 6517.829483,
            "p(95)": 6608.930527099999
        },
        "http_req_duration": {
            "min": 158.861,
            "med": 1443.6185,
            "max": 3605.966,
            "p(90)": 2063.7894,
            "p(95)": 2496.7322999999997,
            "avg": 1352.8352074999996
        },
        "http_req_waiting": {
            "min": 158.79,
            "med": 1443.4859999999999,
            "max": 3605.757,
            "p(90)": 2063.1668,
            "p(95)": 2496.4356,
            "avg": 1352.6555741666637
        },
        "data_sent": {
            "count": 397184,
            "rate": 11266.867296089713
        },
        "http_req_connecting": {
            "avg": 0.10036208333333334,
            "min": 0,
            "med": 0,
            "max": 2.932,
            "p(90)": 0,
            "p(95)": 0
        },
        "data_received": {
            "count": 734374,
            "rate": 20831.89253267651
        },
        "http_req_tls_handshaking": {
            "avg": 0,
            "min": 0,
            "med": 0,
            "max": 0,
            "p(90)": 0,
            "p(95)": 0
        },
        "http_req_failed": {
            "fails": 2400,
            "passes": 0,
            "value": 0
        },
        "vus": {
            "min": 1,
            "max": 100,
            "value": 1
        },
        "http_reqs": {
            "count": 2400,
            "rate": 68.08049042915955
        },
        "http_req_sending": {
            "avg": 0.01676250000000009,
            "min": 0.002,
            "med": 0.012,
            "max": 1.073,
            "p(90)": 0.024,
            "p(95)": 0.031
        },
        "http_req_receiving": {
            "med": 0.059,
            "max": 37.815,
            "p(90)": 0.32710000000000006,
            "p(95)": 0.6501499999999997,
            "avg": 0.16287083333333316,
            "min": 0.009
        },
        "http_req_blocked": {
            "avg": 0.14797541666666383,
            "min": 0,
            "med": 0.002,
            "max": 5.141,
            "p(90)": 0.005,
            "p(95)": 0.016049999999999894
        },
        "http_req_duration{expected_response:true}": {
            "avg": 1352.8352074999996,
            "min": 158.861,
            "med": 1443.6185,
            "max": 3605.966,
            "p(90)": 2063.7894,
            "p(95)": 2496.7322999999997
        },
        "vus_max": {
            "max": 100,
            "value": 100,
            "min": 100
        }
    }
}