{
    "root_group": {
        "name": "",
        "path": "",
        "id": "d41d8cd98f00b204e9800998ecf8427e",
        "groups": {},
        "checks": {}
    },
    "metrics": {
        "http_req_tls_handshaking": {
            "avg": 0,
            "min": 0,
            "med": 0,
            "max": 0,
            "p(90)": 0,
            "p(95)": 0
        },
        "http_req_duration": {
            "med": 122.2405,
            "max": 4520.134,
            "p(90)": 627.4045000000001,
            "p(95)": 699.27675,
            "avg": 225.5786128814044,
            "min": 71.339
        },
        "iteration_duration": {
            "avg": 225.77777034142358,
            "min": 71.416875,
            "med": 122.388812,
            "max": 4525.346125,
            "p(90)": 627.6759795,
            "p(95)": 699.4546875
        },
        "http_req_blocked": {
            "med": 0.002,
            "max": 5.34,
            "p(90)": 0.004,
            "p(95)": 0.005,
            "avg": 0.02841530136779899,
            "min": 0
        },
        "http_reqs": {
            "count": 13306,
            "rate": 442.4948716187893
        },
        "http_req_waiting": {
            "avg": 225.5229600931912,
            "min": 71.32,
            "med": 122.1945,
            "max": 4520.098,
            "p(90)": 627.3155000000002,
            "p(95)": 699.16275
        },
        "http_req_receiving": {
            "avg": 0.04050450924394904,
            "min": 0.004,
            "med": 0.023,
            "max": 7.426,
            "p(90)": 0.057,
            "p(95)": 0.088
        },
        "iterations": {
            "count": 13306,
            "rate": 442.4948716187893
        },
        "http_req_failed": {
            "passes": 0,
            "fails": 13306,
            "value": 0
        },
        "data_sent": {
            "count": 2168775,
            "rate": 72123.23877912518
        },
        "vus_max": {
            "max": 100,
            "value": 100,
            "min": 100
        },
        "data_received": {
            "count": 2088939,
            "rate": 69468.26954941245
        },
        "http_req_duration{expected_response:true}": {
            "avg": 225.5786128814044,
            "min": 71.339,
            "med": 122.2405,
            "max": 4520.134,
            "p(90)": 627.4045000000001,
            "p(95)": 699.27675
        },
        "http_req_connecting": {
            "med": 0,
            "max": 2.996,
            "p(90)": 0,
            "p(95)": 0,
            "avg": 0.020079062077258382,
            "min": 0
        },
        "vus": {
            "value": 100,
            "min": 100,
            "max": 100
        },
        "http_req_sending": {
            "avg": 0.015148278971892228,
            "min": 0.002,
            "med": 0.009,
            "max": 8.581,
            "p(90)": 0.02,
            "p(95)": 0.028
        }
    }
}