{
    "metrics": {
        "data_sent": {
            "count": 539339,
            "rate": 17953.862409457808
        },
        "iteration_duration": {
            "p(90)": 126.3442836,
            "p(95)": 137.0196752,
            "avg": 90.72899314385036,
            "min": 20.392584,
            "med": 90.868459,
            "max": 278.979334
        },
        "vus_max": {
            "min": 10,
            "max": 10,
            "value": 10
        },
        "http_req_connecting": {
            "avg": 0.0014267150196433968,
            "min": 0,
            "med": 0,
            "max": 0.576,
            "p(90)": 0,
            "p(95)": 0
        },
        "data_received": {
            "count": 519485,
            "rate": 17292.949728792446
        },
        "vus": {
            "value": 10,
            "min": 10,
            "max": 10
        },
        "http_req_blocked": {
            "p(95)": 0.01,
            "avg": 0.008108794197642826,
            "min": 0,
            "med": 0.004,
            "max": 0.998,
            "p(90)": 0.008
        },
        "http_req_duration{expected_response:true}": {
            "p(95)": 136.821,
            "avg": 90.44080175279547,
            "min": 20.285,
            "med": 90.621,
            "max": 278.466,
            "p(90)": 126.09660000000001
        },
        "iterations": {
            "count": 3309,
            "rate": 110.1521134442269
        },
        "http_req_tls_handshaking": {
            "min": 0,
            "med": 0,
            "max": 0,
            "p(90)": 0,
            "p(95)": 0,
            "avg": 0
        },
        "http_req_failed": {
            "fails": 3309,
            "passes": 0,
            "value": 0
        },
        "http_req_duration": {
            "avg": 90.44080175279547,
            "min": 20.285,
            "med": 90.621,
            "max": 278.466,
            "p(90)": 126.09660000000001,
            "p(95)": 136.821
        },
        "http_req_sending": {
            "max": 4.061,
            "p(90)": 0.048,
            "p(95)": 0.06,
            "avg": 0.030914475672409018,
            "min": 0.003,
            "med": 0.022
        },
        "http_req_waiting": {
            "avg": 90.33079873073443,
            "min": 20.24,
            "med": 90.463,
            "max": 278.277,
            "p(90)": 126.02799999999999,
            "p(95)": 136.61919999999998
        },
        "http_req_receiving": {
            "min": 0.007,
            "med": 0.052,
            "max": 1.981,
            "p(90)": 0.149,
            "p(95)": 0.178,
            "avg": 0.0790885463886369
        },
        "http_reqs": {
            "count": 3309,
            "rate": 110.1521134442269
        }
    },
    "root_group": {
        "name": "",
        "path": "",
        "id": "d41d8cd98f00b204e9800998ecf8427e",
        "groups": {},
        "checks": {}
    }
}