{
    "root_group": {
        "id": "d41d8cd98f00b204e9800998ecf8427e",
        "groups": {},
        "checks": {},
        "name": "",
        "path": ""
    },
    "metrics": {
        "http_req_failed": {
            "fails": 49065,
            "passes": 0,
            "value": 0
        },
        "http_req_duration": {
            "avg": 46.349290329155316,
            "min": 0.361,
            "med": 30.848,
            "max": 315.351,
            "p(90)": 118.7232,
            "p(95)": 141.8974
        },
        "http_req_tls_handshaking": {
            "avg": 0,
            "min": 0,
            "med": 0,
            "max": 0,
            "p(90)": 0,
            "p(95)": 0
        },
        "http_req_duration{expected_response:true}": {
            "max": 315.351,
            "p(90)": 118.7232,
            "p(95)": 141.8974,
            "avg": 46.349290329155316,
            "min": 0.361,
            "med": 30.848
        },
        "http_reqs": {
            "count": 49065,
            "rate": 330.3285453165017
        },
        "http_req_waiting": {
            "p(90)": 118.6258,
            "p(95)": 141.8012,
            "avg": 46.2318146132679,
            "min": 0.281,
            "med": 30.742,
            "max": 315.121
        },
        "data_sent": {
            "rate": 56748.989872274244,
            "count": 8429151
        },
        "iterations": {
            "count": 9813,
            "rate": 66.06570906330035
        },
        "data_received": {
            "count": 11893140,
            "rate": 80070.18517161926
        },
        "http_req_sending": {
            "avg": 0.033771853663506025,
            "min": 0.004,
            "med": 0.026,
            "max": 6.343,
            "p(90)": 0.054,
            "p(95)": 0.07
        },
        "http_req_blocked": {
            "p(95)": 0.759,
            "avg": 97.18778475491744,
            "min": 0.051,
            "med": 0.298,
            "max": 19508.543,
            "p(90)": 0.574
        },
        "vus_max": {
            "value": 100,
            "min": 100,
            "max": 100
        },
        "http_req_connecting": {
            "min": 0.04,
            "med": 0.255,
            "max": 19508.466,
            "p(90)": 0.497,
            "p(95)": 0.659,
            "avg": 97.13864322837011
        },
        "http_req_receiving": {
            "p(90)": 0.135,
            "p(95)": 0.205,
            "avg": 0.08370386222358056,
            "min": 0.01,
            "med": 0.056,
            "max": 7.924
        },
        "iteration_duration": {
            "avg": 718.2169628733319,
            "min": 21.491625,
            "med": 170.027875,
            "max": 27065.097459,
            "p(90)": 728.6353,
            "p(95)": 3795.9898753999973
        },
        "vus": {
            "value": 6,
            "min": 1,
            "max": 99
        }
    }
}