{
    "root_group": {
        "name": "",
        "path": "",
        "id": "d41d8cd98f00b204e9800998ecf8427e",
        "groups": {},
        "checks": {}
    },
    "metrics": {
        "http_req_connecting": {
            "p(95)": 0,
            "avg": 0.0006930645161290322,
            "min": 0,
            "med": 0,
            "max": 0.48,
            "p(90)": 0
        },
        "vus": {
            "value": 10,
            "min": 10,
            "max": 10
        },
        "http_reqs": {
            "count": 6200,
            "rate": 205.8473667008816
        },
        "http_req_waiting": {
            "avg": 48.223260967741844,
            "min": 0.553,
            "med": 47.384,
            "max": 160.428,
            "p(90)": 84.21440000000001,
            "p(95)": 97.76554999999999
        },
        "http_req_tls_handshaking": {
            "min": 0,
            "med": 0,
            "max": 0,
            "p(90)": 0,
            "p(95)": 0,
            "avg": 0
        },
        "iteration_duration": {
            "min": 118.899125,
            "med": 239.542458,
            "max": 419.682417,
            "p(90)": 316.2392956,
            "p(95)": 338.7619669999999,
            "avg": 242.49673678709684
        },
        "iterations": {
            "count": 1240,
            "rate": 41.16947334017632
        },
        "vus_max": {
            "value": 10,
            "min": 10,
            "max": 10
        },
        "http_req_failed": {
            "passes": 0,
            "fails": 6200,
            "value": 0
        },
        "http_req_receiving": {
            "avg": 0.0701151612903224,
            "min": 0.007,
            "med": 0.056,
            "max": 3.157,
            "p(90)": 0.124,
            "p(95)": 0.151
        },
        "data_sent": {
            "count": 1016761,
            "rate": 33757.67329260566
        },
        "http_req_sending": {
            "p(90)": 0.041,
            "p(95)": 0.051,
            "avg": 0.026294354838709712,
            "min": 0.002,
            "med": 0.019,
            "max": 3.447
        },
        "http_req_duration": {
            "avg": 48.319670483871015,
            "min": 0.601,
            "med": 47.468,
            "max": 160.501,
            "p(90)": 84.3593,
            "p(95)": 97.90905000000001
        },
        "data_received": {
            "count": 946081,
            "rate": 31411.013312215608
        },
        "http_req_duration{expected_response:true}": {
            "avg": 48.319670483871015,
            "min": 0.601,
            "med": 47.468,
            "max": 160.501,
            "p(90)": 84.3593,
            "p(95)": 97.90905000000001
        },
        "http_req_blocked": {
            "avg": 0.007143548387096939,
            "min": 0,
            "med": 0.004,
            "max": 1.692,
            "p(90)": 0.008,
            "p(95)": 0.009
        }
    }
}