{
    "root_group": {
        "groups": {},
        "checks": {},
        "name": "",
        "path": "",
        "id": "d41d8cd98f00b204e9800998ecf8427e"
    },
    "metrics": {
        "iterations": {
            "count": 3573,
            "rate": 117.97772119675307
        },
        "vus": {
            "max": 100,
            "value": 100,
            "min": 100
        },
        "http_req_receiving": {
            "max": 8.144,
            "p(90)": 0.055,
            "p(95)": 0.081,
            "avg": 0.032780520570947796,
            "min": 0.005,
            "med": 0.021
        },
        "http_req_duration{expected_response:true}": {
            "avg": 168.928165463197,
            "min": 2.918,
            "med": 120.208,
            "max": 2062.999,
            "p(90)": 352.5734,
            "p(95)": 392.68339999999995
        },
        "http_req_connecting": {
            "avg": 0.012611866778617406,
            "min": 0,
            "med": 0,
            "max": 2.874,
            "p(90)": 0,
            "p(95)": 0
        },
        "http_req_tls_handshaking": {
            "p(95)": 0,
            "avg": 0,
            "min": 0,
            "med": 0,
            "max": 0,
            "p(90)": 0
        },
        "iteration_duration": {
            "p(90)": 1495.0966338,
            "p(95)": 1619.7946827999992,
            "avg": 845.1958237041713,
            "min": 288.229333,
            "med": 520.472042,
            "max": 3388.821083
        },
        "data_sent": {
            "count": 2929771,
            "rate": 96738.79266955848
        },
        "http_req_sending": {
            "max": 7.808,
            "p(90)": 0.018,
            "p(95)": 0.024799999999999208,
            "avg": 0.011818247970892594,
            "min": 0.002,
            "med": 0.007
        },
        "data_received": {
            "count": 2726110,
            "rate": 90014.06256134355
        },
        "http_req_blocked": {
            "med": 0.001,
            "max": 4.338,
            "p(90)": 0.003,
            "p(95)": 0.004,
            "avg": 0.02092779177161092,
            "min": 0
        },
        "http_req_failed": {
            "passes": 0,
            "fails": 17865,
            "value": 0
        },
        "vus_max": {
            "max": 100,
            "value": 100,
            "min": 100
        },
        "http_reqs": {
            "rate": 589.8886059837653,
            "count": 17865
        },
        "http_req_waiting": {
            "avg": 168.883566694653,
            "min": 2.856,
            "med": 120.169,
            "max": 2062.894,
            "p(90)": 352.54359999999997,
            "p(95)": 392.62539999999996
        },
        "http_req_duration": {
            "max": 2062.999,
            "p(90)": 352.5734,
            "p(95)": 392.68339999999995,
            "avg": 168.928165463197,
            "min": 2.918,
            "med": 120.208
        }
    }
}