{
    "root_group": {
        "name": "",
        "path": "",
        "id": "d41d8cd98f00b204e9800998ecf8427e",
        "groups": {},
        "checks": {}
    },
    "metrics": {
        "http_req_waiting": {
            "max": 109.329,
            "p(90)": 27.938200000000002,
            "p(95)": 31.829599999999996,
            "avg": 23.287882265508888,
            "min": 14.655,
            "med": 21.579
        },
        "data_sent": {
            "count": 1176036,
            "rate": 39143.232786566376
        },
        "data_received": {
            "count": 3643155,
            "rate": 121258.92765403714
        },
        "vus": {
            "max": 10,
            "value": 10,
            "min": 10
        },
        "vus_max": {
            "value": 10,
            "min": 10,
            "max": 10
        },
        "http_req_connecting": {
            "avg": 0.018979504028788233,
            "min": 0,
            "med": 0,
            "max": 27.013,
            "p(90)": 0,
            "p(95)": 0
        },
        "iteration_duration": {
            "med": 21.735375,
            "max": 109.4065,
            "p(90)": 28.072408000000003,
            "p(95)": 31.979541599999997,
            "avg": 23.46330398302417,
            "min": 15.082042
        },
        "http_req_duration{expected_response:true}": {
            "avg": 23.377366815301624,
            "min": 15.017,
            "med": 21.662,
            "max": 109.507,
            "p(90)": 28.0196,
            "p(95)": 31.925299999999993
        },
        "http_req_sending": {
            "p(95)": 0.021,
            "avg": 0.012900962215442428,
            "min": 0.002,
            "med": 0.012,
            "max": 1.726,
            "p(90)": 0.017
        },
        "http_req_failed": {
            "fails": 12783,
            "passes": 0,
            "value": 0
        },
        "http_reqs": {
            "rate": 425.46992159311276,
            "count": 12783
        },
        "http_req_duration": {
            "p(95)": 31.925299999999993,
            "avg": 23.377366815301624,
            "min": 15.017,
            "med": 21.662,
            "max": 109.507,
            "p(90)": 28.0196
        },
        "http_req_receiving": {
            "p(90)": 0.13480000000000028,
            "p(95)": 0.206,
            "avg": 0.07658358757725098,
            "min": 0.01,
            "med": 0.057,
            "max": 2.275
        },
        "iterations": {
            "count": 12783,
            "rate": 425.46992159311276
        },
        "http_req_blocked": {
            "max": 27.81,
            "p(90)": 0.003,
            "p(95)": 0.004,
            "avg": 0.024156614253303236,
            "min": 0,
            "med": 0.002
        },
        "http_req_tls_handshaking": {
            "avg": 0,
            "min": 0,
            "med": 0,
            "max": 0,
            "p(90)": 0,
            "p(95)": 0
        }
    }
}