{
    "root_group": {
        "checks": {},
        "name": "",
        "path": "",
        "id": "d41d8cd98f00b204e9800998ecf8427e",
        "groups": {}
    },
    "metrics": {
        "http_reqs": {
            "rate": 361.38784474504894,
            "count": 10896
        },
        "http_req_duration{expected_response:true}": {
            "p(90)": 331.563,
            "p(95)": 362.8085,
            "avg": 276.16333232378685,
            "min": 157.401,
            "med": 265.226,
            "max": 526.499
        },
        "http_req_blocked": {
            "avg": 0.03033581130689972,
            "min": 0,
            "med": 0.002,
            "max": 4.311,
            "p(90)": 0.004,
            "p(95)": 0.004
        },
        "http_req_receiving": {
            "p(95)": 0.7237499999999986,
            "avg": 0.18994282305433205,
            "min": 0.008,
            "med": 0.058,
            "max": 44.159,
            "p(90)": 0.41
        },
        "http_req_failed": {
            "passes": 0,
            "fails": 10896,
            "value": 0
        },
        "iterations": {
            "count": 10896,
            "rate": 361.38784474504894
        },
        "iteration_duration": {
            "med": 265.30150000000003,
            "max": 530.331666,
            "p(90)": 331.613833,
            "p(95)": 362.8964474999999,
            "avg": 276.27720307369873,
            "min": 157.509
        },
        "data_sent": {
            "rate": 33970.4574060346,
            "count": 1024224
        },
        "vus_max": {
            "value": 100,
            "min": 100,
            "max": 100
        },
        "http_req_tls_handshaking": {
            "max": 0,
            "p(90)": 0,
            "p(95)": 0,
            "avg": 0,
            "min": 0,
            "med": 0
        },
        "http_req_connecting": {
            "med": 0,
            "max": 2.656,
            "p(90)": 0,
            "p(95)": 0,
            "avg": 0.021593520558002937,
            "min": 0
        },
        "data_received": {
            "count": 3127152,
            "rate": 103718.31144182905
        },
        "http_req_duration": {
            "min": 157.401,
            "med": 265.226,
            "max": 526.499,
            "p(90)": 331.563,
            "p(95)": 362.8085,
            "avg": 276.16333232378685
        },
        "vus": {
            "min": 100,
            "max": 100,
            "value": 100
        },
        "http_req_waiting": {
            "min": 157.352,
            "med": 265.0345,
            "max": 526.449,
            "p(90)": 331.4075,
            "p(95)": 362.5397499999999,
            "avg": 275.9603364537433
        },
        "http_req_sending": {
            "avg": 0.013053046989721059,
            "min": 0.001,
            "med": 0.011,
            "max": 8.443,
            "p(90)": 0.019,
            "p(95)": 0.021
        }
    }
}